timestamp,ax,ay,az,gx,gy,gz,mx,my,mz,label,subject_id
280,,,,,,,,,,5.0,S02
300,,,,,,,,,,5.0,S02
320,,,,,,,,,,5.0,S02
340,,,,,,,,,,5.0,S02
360,,,,,,,,,,5.0,S02
380,,,,,,,,,,5.0,S02
400,,,,,,,,,,5.0,S02
420,,,,,,,,,,5.0,S02
440,,,,,,,,,,5.0,S02
460,,,,,,,,,,5.0,S02
480,,,,,,,,,,5.0,S02
500,,,,,,,,,,5.0,S02
520,,,,,,,,,,5.0,S02
540,,,,,,,,,,5.0,S02
560,,,,,,,,,,5.0,S02
580,,,,,,,,,,5.0,S02
600,,,,,,,,,,5.0,S02
620,,,,,,,,,,5.0,S02
640,,,,,,,,,,5.0,S02
660,,,,,,,,,,5.0,S02
680,,,,,,,,,,5.0,S02
700,,,,,,,,,,5.0,S02
720,,,,,,,,,,5.0,S02
740,,,,,,,,,,5.0,S02
760,,,,,,,,,,5.0,S02
780,,,,,,,,,,5.0,S02
800,,,,,,,,,,5.0,S02
820,,,,,,,,,,5.0,S02
840,,,,,,,,,,5.0,S02
860,,,,,,,,,,5.0,S02
880,,,,,,,,,,5.0,S02
900,,,,,,,,,,5.0,S02
920,,,,,,,,,,5.0,S02
940,,,,,,,,,,5.0,S02
960,,,,,,,,,,5.0,S02
980,,,,,,,,,,5.0,S02
1000,,,,,,,,,,5.0,S02
1020,,,,,,,,,,5.0,S02
1040,,,,,,,,,,5.0,S02
1060,,,,,,,,,,5.0,S02
1080,,,,,,,,,,5.0,S02
1100,,,,,,,,,,5.0,S02
1120,,,,,,,,,,5.0,S02
1140,,,,,,,,,,5.0,S02
1160,,,,,,,,,,5.0,S02
1180,,,,,,,,,,5.0,S02
1200,,,,,,,,,,5.0,S02
1220,,,,,,,,,,5.0,S02
1240,,,,,,,,,,5.0,S02
1260,,,,,,,,,,5.0,S02
1280,,,,,,,,,,5.0,S02
1300,,,,,,,,,,5.0,S02
1320,,,,,,,,,,5.0,S02
1340,,,,,,,,,,5.0,S02
1360,,,,,,,,,,5.0,S02
1380,,,,,,,,,,5.0,S02
1400,,,,,,,,,,5.0,S02
1420,,,,,,,,,,5.0,S02
1440,,,,,,,,,,5.0,S02
1460,,,,,,,,,,5.0,S02
1480,,,,,,,,,,5.0,S02
1500,,,,,,,,,,5.0,S02
1520,,,,,,,,,,5.0,S02
1540,,,,,,,,,,5.0,S02
1560,,,,,,,,,,5.0,S02
1580,,,,,,,,,,5.0,S02
1600,,,,,,,,,,5.0,S02
1620,,,,,,,,,,5.0,S02
1640,,,,,,,,,,5.0,S02
1660,,,,,,,,,,5.0,S02
1680,,,,,,,,,,5.0,S02
1700,,,,,,,,,,5.0,S02
1720,,,,,,,,,,5.0,S02
1740,,,,,,,,,,5.0,S02
1760,,,,,,,,,,5.0,S02
1780,,,,,,,,,,5.0,S02
1800,,,,,,,,,,5.0,S02
1820,,,,,,,,,,5.0,S02
1840,,,,,,,,,,5.0,S02
1860,,,,,,,,,,5.0,S02
1880,,,,,,,,,,5.0,S02
1900,,,,,,,,,,5.0,S02
1920,,,,,,,,,,5.0,S02
1940,,,,,,,,,,5.0,S02
1960,,,,,,,,,,5.0,S02
1980,,,,,,,,,,5.0,S02
2000,,,,,,,,,,5.0,S02
2020,,,,,,,,,,5.0,S02
2040,,,,,,,,,,5.0,S02
2060,,,,,,,,,,5.0,S02
2080,,,,,,,,,,5.0,S02
2100,,,,,,,,,,5.0,S02
2120,,,,,,,,,,5.0,S02
2140,,,,,,,,,,5.0,S02
2160,,,,,,,,,,5.0,S02
2180,,,,,,,,,,5.0,S02
2200,,,,,,,,,,5.0,S02
2220,,,,,,,,,,5.0,S02
2240,,,,,,,,,,5.0,S02
2260,,,,,,,,,,5.0,S02
2280,,,,,,,,,,5.0,S02
2300,,,,,,,,,,5.0,S02
2320,,,,,,,,,,5.0,S02
2340,,,,,,,,,,5.0,S02
2360,,,,,,,,,,5.0,S02
2380,,,,,,,,,,5.0,S02
2400,,,,,,,,,,5.0,S02
2420,,,,,,,,,,5.0,S02
2440,,,,,,,,,,5.0,S02
2460,,,,,,,,,,5.0,S02
2480,,,,,,,,,,5.0,S02
2500,,,,,,,,,,5.0,S02
2520,,,,,,,,,,5.0,S02
2540,,,,,,,,,,5.0,S02
2560,,,,,,,,,,5.0,S02
2580,,,,,,,,,,5.0,S02
2600,,,,,,,,,,5.0,S02
2620,,,,,,,,,,5.0,S02
2640,,,,,,,,,,5.0,S02
2660,,,,,,,,,,5.0,S02
2680,,,,,,,,,,5.0,S02
2700,,,,,,,,,,5.0,S02
2720,,,,,,,,,,5.0,S02
2740,,,,,,,,,,5.0,S02
2760,,,,,,,,,,5.0,S02
2780,,,,,,,,,,5.0,S02
2800,,,,,,,,,,5.0,S02
2820,,,,,,,,,,5.0,S02
2840,,,,,,,,,,5.0,S02
2860,,,,,,,,,,5.0,S02
2880,,,,,,,,,,5.0,S02
2900,,,,,,,,,,5.0,S02
2920,,,,,,,,,,5.0,S02
2940,,,,,,,,,,5.0,S02
2960,,,,,,,,,,5.0,S02
2980,,,,,,,,,,5.0,S02
3000,,,,,,,,,,5.0,S02
3020,,,,,,,,,,5.0,S02
3040,,,,,,,,,,5.0,S02
3060,,,,,,,,,,5.0,S02
3080,,,,,,,,,,5.0,S02
3100,,,,,,,,,,5.0,S02
3120,,,,,,,,,,5.0,S02
3140,,,,,,,,,,5.0,S02
3160,,,,,,,,,,5.0,S02
3180,,,,,,,,,,5.0,S02
3200,,,,,,,,,,5.0,S02
3220,,,,,,,,,,5.0,S02
3240,,,,,,,,,,5.0,S02
3260,,,,,,,,,,5.0,S02
3280,,,,,,,,,,5.0,S02
3300,,,,,,,,,,5.0,S02
3320,,,,,,,,,,5.0,S02
3340,,,,,,,,,,5.0,S02
3360,,,,,,,,,,5.0,S02
3380,,,,,,,,,,5.0,S02
3400,,,,,,,,,,5.0,S02
3420,,,,,,,,,,5.0,S02
3440,,,,,,,,,,5.0,S02
3460,,,,,,,,,,5.0,S02
3480,,,,,,,,,,5.0,S02
3500,,,,,,,,,,5.0,S02
3520,,,,,,,,,,5.0,S02
3540,,,,,,,,,,5.0,S02
3560,,,,,,,,,,5.0,S02
3580,,,,,,,,,,5.0,S02
3600,,,,,,,,,,5.0,S02
3620,,,,,,,,,,5.0,S02
3640,,,,,,,,,,5.0,S02
3660,,,,,,,,,,5.0,S02
3680,,,,,,,,,,5.0,S02
3700,,,,,,,,,,5.0,S02
3720,,,,,,,,,,5.0,S02
3740,,,,,,,,,,5.0,S02
3760,,,,,,,,,,5.0,S02
3780,,,,,,,,,,5.0,S02
3800,,,,,,,,,,5.0,S02
3820,,,,,,,,,,5.0,S02
3840,,,,,,,,,,5.0,S02
3860,,,,,,,,,,5.0,S02
3880,,,,,,,,,,5.0,S02
3900,,,,,,,,,,5.0,S02
3920,,,,,,,,,,5.0,S02
3940,,,,,,,,,,5.0,S02
3960,,,,,,,,,,5.0,S02
3980,,,,,,,,,,5.0,S02
4000,,,,,,,,,,5.0,S02
4020,,,,,,,,,,5.0,S02
4040,,,,,,,,,,5.0,S02
4060,,,,,,,,,,5.0,S02
4080,,,,,,,,,,5.0,S02
4100,,,,,,,,,,5.0,S02
4120,,,,,,,,,,5.0,S02
4140,,,,,,,,,,5.0,S02
4160,,,,,,,,,,5.0,S02
4180,,,,,,,,,,5.0,S02
4200,,,,,,,,,,5.0,S02
4220,,,,,,,,,,5.0,S02
4240,,,,,,,,,,5.0,S02
4260,,,,,,,,,,5.0,S02
4280,,,,,,,,,,5.0,S02
4300,,,,,,,,,,5.0,S02
4320,,,,,,,,,,5.0,S02
4340,,,,,,,,,,5.0,S02
4360,,,,,,,,,,5.0,S02
4380,,,,,,,,,,5.0,S02
4400,,,,,,,,,,5.0,S02
4420,,,,,,,,,,5.0,S02
4440,,,,,,,,,,5.0,S02
4460,,,,,,,,,,5.0,S02
4480,,,,,,,,,,5.0,S02
4500,,,,,,,,,,5.0,S02
4520,,,,,,,,,,5.0,S02
4540,,,,,,,,,,5.0,S02
4560,,,,,,,,,,5.0,S02
4580,,,,,,,,,,5.0,S02
4600,,,,,,,,,,5.0,S02
4620,,,,,,,,,,5.0,S02
4640,,,,,,,,,,5.0,S02
4660,,,,,,,,,,5.0,S02
4680,,,,,,,,,,5.0,S02
4700,,,,,,,,,,5.0,S02
4720,,,,,,,,,,5.0,S02
4740,,,,,,,,,,5.0,S02
4760,,,,,,,,,,5.0,S02
4780,,,,,,,,,,5.0,S02
4800,,,,,,,,,,5.0,S02
4820,,,,,,,,,,5.0,S02
4840,,,,,,,,,,5.0,S02
4860,,,,,,,,,,5.0,S02
4880,,,,,,,,,,5.0,S02
4900,,,,,,,,,,5.0,S02
4920,,,,,,,,,,5.0,S02
4940,,,,,,,,,,5.0,S02
4960,,,,,,,,,,5.0,S02
4980,,,,,,,,,,5.0,S02
5000,,,,,,,,,,5.0,S02
5020,,,,,,,,,,5.0,S02
5040,,,,,,,,,,5.0,S02
5060,,,,,,,,,,5.0,S02
5080,,,,,,,,,,5.0,S02
5100,,,,,,,,,,5.0,S02
5120,,,,,,,,,,5.0,S02
5140,,,,,,,,,,5.0,S02
5160,,,,,,,,,,5.0,S02
5180,,,,,,,,,,5.0,S02
5200,,,,,,,,,,5.0,S02
5220,,,,,,,,,,5.0,S02
5240,,,,,,,,,,5.0,S02
5260,,,,,,,,,,5.0,S02
5280,,,,,,,,,,5.0,S02
5300,,,,,,,,,,5.0,S02
5320,,,,,,,,,,5.0,S02
5340,,,,,,,,,,5.0,S02
5360,,,,,,,,,,5.0,S02
5380,,,,,,,,,,5.0,S02
5400,,,,,,,,,,5.0,S02
5420,,,,,,,,,,5.0,S02
5440,,,,,,,,,,5.0,S02
5460,,,,,,,,,,5.0,S02
5480,,,,,,,,,,5.0,S02
5500,,,,,,,,,,5.0,S02
5520,,,,,,,,,,5.0,S02
5540,,,,,,,,,,5.0,S02
5560,,,,,,,,,,5.0,S02
5580,,,,,,,,,,5.0,S02
5600,,,,,,,,,,5.0,S02
5620,,,,,,,,,,5.0,S02
5640,,,,,,,,,,5.0,S02
5660,,,,,,,,,,5.0,S02
5680,,,,,,,,,,5.0,S02
5700,,,,,,,,,,5.0,S02
5720,,,,,,,,,,5.0,S02
5740,,,,,,,,,,5.0,S02
5760,,,,,,,,,,5.0,S02
5780,,,,,,,,,,5.0,S02
5800,,,,,,,,,,5.0,S02
5820,,,,,,,,,,5.0,S02
5840,,,,,,,,,,5.0,S02
5860,,,,,,,,,,5.0,S02
5880,,,,,,,,,,5.0,S02
5900,,,,,,,,,,5.0,S02
5920,,,,,,,,,,5.0,S02
5940,,,,,,,,,,5.0,S02
5960,,,,,,,,,,5.0,S02
5980,,,,,,,,,,5.0,S02
6000,,,,,,,,,,5.0,S02
6020,,,,,,,,,,5.0,S02
6040,,,,,,,,,,5.0,S02
6060,,,,,,,,,,5.0,S02
6080,,,,,,,,,,5.0,S02
6100,,,,,,,,,,5.0,S02
6120,,,,,,,,,,5.0,S02
6140,,,,,,,,,,5.0,S02
6160,,,,,,,,,,5.0,S02
6180,,,,,,,,,,5.0,S02
6200,,,,,,,,,,5.0,S02
6220,,,,,,,,,,5.0,S02
6240,,,,,,,,,,5.0,S02
6260,,,,,,,,,,5.0,S02
6280,,,,,,,,,,5.0,S02
6300,,,,,,,,,,5.0,S02
6320,,,,,,,,,,5.0,S02
6340,,,,,,,,,,5.0,S02
6360,,,,,,,,,,5.0,S02
6380,,,,,,,,,,5.0,S02
6400,,,,,,,,,,5.0,S02
6420,,,,,,,,,,5.0,S02
6440,,,,,,,,,,5.0,S02
6460,,,,,,,,,,5.0,S02
6480,,,,,,,,,,5.0,S02
6500,,,,,,,,,,5.0,S02
6520,,,,,,,,,,5.0,S02
6540,,,,,,,,,,5.0,S02
6560,,,,,,,,,,5.0,S02
6580,,,,,,,,,,5.0,S02
6600,,,,,,,,,,5.0,S02
6620,,,,,,,,,,5.0,S02
6640,,,,,,,,,,5.0,S02
6660,,,,,,,,,,5.0,S02
6680,,,,,,,,,,5.0,S02
6700,,,,,,,,,,5.0,S02
6720,,,,,,,,,,5.0,S02
6740,,,,,,,,,,5.0,S02
6760,,,,,,,,,,5.0,S02
6780,,,,,,,,,,5.0,S02
6800,,,,,,,,,,5.0,S02
6820,,,,,,,,,,5.0,S02
6840,,,,,,,,,,5.0,S02
6860,,,,,,,,,,5.0,S02
6880,,,,,,,,,,5.0,S02
6900,,,,,,,,,,5.0,S02
6920,,,,,,,,,,5.0,S02
6940,,,,,,,,,,5.0,S02
6960,,,,,,,,,,5.0,S02
6980,,,,,,,,,,5.0,S02
7000,,,,,,,,,,5.0,S02
7020,,,,,,,,,,5.0,S02
7040,,,,,,,,,,5.0,S02
7060,,,,,,,,,,5.0,S02
7080,,,,,,,,,,5.0,S02
7100,,,,,,,,,,5.0,S02
7120,,,,,,,,,,5.0,S02
7140,,,,,,,,,,5.0,S02
7160,,,,,,,,,,5.0,S02
7180,,,,,,,,,,5.0,S02
7200,,,,,,,,,,5.0,S02
7220,,,,,,,,,,5.0,S02
7240,,,,,,,,,,5.0,S02
7260,,,,,,,,,,5.0,S02
7280,,,,,,,,,,5.0,S02
7300,,,,,,,,,,5.0,S02
7320,,,,,,,,,,5.0,S02
7340,,,,,,,,,,5.0,S02
7360,,,,,,,,,,5.0,S02
7380,,,,,,,,,,5.0,S02
7400,,,,,,,,,,5.0,S02
7420,,,,,,,,,,5.0,S02
7440,,,,,,,,,,5.0,S02
7460,,,,,,,,,,5.0,S02
7480,,,,,,,,,,5.0,S02
7500,,,,,,,,,,5.0,S02
7520,,,,,,,,,,5.0,S02
7540,,,,,,,,,,5.0,S02
7560,,,,,,,,,,5.0,S02
7580,,,,,,,,,,5.0,S02
7600,,,,,,,,,,5.0,S02
7620,,,,,,,,,,5.0,S02
7640,,,,,,,,,,5.0,S02
7660,,,,,,,,,,5.0,S02
7680,,,,,,,,,,5.0,S02
7700,,,,,,,,,,5.0,S02
7720,,,,,,,,,,5.0,S02
7740,,,,,,,,,,5.0,S02
7760,,,,,,,,,,5.0,S02
7780,,,,,,,,,,5.0,S02
7800,,,,,,,,,,5.0,S02
7820,,,,,,,,,,5.0,S02
7840,,,,,,,,,,5.0,S02
7860,,,,,,,,,,5.0,S02
7880,,,,,,,,,,5.0,S02
7900,,,,,,,,,,5.0,S02
7920,,,,,,,,,,5.0,S02
7940,,,,,,,,,,5.0,S02
7960,,,,,,,,,,5.0,S02
7980,,,,,,,,,,5.0,S02
8000,,,,,,,,,,5.0,S02
8020,,,,,,,,,,5.0,S02
8040,,,,,,,,,,5.0,S02
8060,,,,,,,,,,5.0,S02
8080,,,,,,,,,,5.0,S02
8100,,,,,,,,,,5.0,S02
8120,,,,,,,,,,5.0,S02
8140,,,,,,,,,,5.0,S02
8160,,,,,,,,,,5.0,S02
8180,,,,,,,,,,5.0,S02
8200,,,,,,,,,,5.0,S02
8220,,,,,,,,,,5.0,S02
8240,,,,,,,,,,5.0,S02
8260,,,,,,,,,,5.0,S02
8280,,,,,,,,,,5.0,S02
8300,,,,,,,,,,5.0,S02
8320,,,,,,,,,,5.0,S02
8340,,,,,,,,,,5.0,S02
8360,,,,,,,,,,5.0,S02
8380,,,,,,,,,,5.0,S02
8400,,,,,,,,,,5.0,S02
8420,,,,,,,,,,5.0,S02
8440,,,,,,,,,,5.0,S02
8460,,,,,,,,,,5.0,S02
8480,,,,,,,,,,5.0,S02
8500,,,,,,,,,,5.0,S02
8520,,,,,,,,,,5.0,S02
8540,,,,,,,,,,5.0,S02
8560,,,,,,,,,,5.0,S02
8580,,,,,,,,,,5.0,S02
8600,,,,,,,,,,5.0,S02
8620,,,,,,,,,,5.0,S02
8640,,,,,,,,,,5.0,S02
8660,,,,,,,,,,5.0,S02
8680,,,,,,,,,,5.0,S02
8700,,,,,,,,,,5.0,S02
8720,,,,,,,,,,5.0,S02
8740,,,,,,,,,,5.0,S02
8760,,,,,,,,,,5.0,S02
8780,,,,,,,,,,5.0,S02
8800,,,,,,,,,,5.0,S02
8820,,,,,,,,,,5.0,S02
8840,,,,,,,,,,5.0,S02
8860,,,,,,,,,,5.0,S02
8880,,,,,,,,,,5.0,S02
8900,,,,,,,,,,5.0,S02
8920,,,,,,,,,,5.0,S02
8940,,,,,,,,,,5.0,S02
8960,,,,,,,,,,5.0,S02
8980,,,,,,,,,,5.0,S02
9000,,,,,,,,,,5.0,S02
9020,,,,,,,,,,5.0,S02
9040,,,,,,,,,,5.0,S02
9060,,,,,,,,,,5.0,S02
9080,,,,,,,,,,5.0,S02
9100,,,,,,,,,,5.0,S02
9120,,,,,,,,,,5.0,S02
9140,,,,,,,,,,5.0,S02
9160,,,,,,,,,,5.0,S02
9180,,,,,,,,,,5.0,S02
9200,,,,,,,,,,5.0,S02
9220,,,,,,,,,,5.0,S02
9240,,,,,,,,,,5.0,S02
9260,,,,,,,,,,5.0,S02
9280,,,,,,,,,,5.0,S02
9300,,,,,,,,,,5.0,S02
9320,,,,,,,,,,5.0,S02
9340,,,,,,,,,,5.0,S02
9360,,,,,,,,,,5.0,S02
9380,,,,,,,,,,5.0,S02
9400,,,,,,,,,,5.0,S02
9420,,,,,,,,,,5.0,S02
9440,,,,,,,,,,5.0,S02
9460,,,,,,,,,,5.0,S02
9480,,,,,,,,,,5.0,S02
9500,,,,,,,,,,5.0,S02
9520,,,,,,,,,,5.0,S02
9540,,,,,,,,,,5.0,S02
9560,,,,,,,,,,5.0,S02
9580,,,,,,,,,,5.0,S02
9600,,,,,,,,,,5.0,S02
9620,,,,,,,,,,5.0,S02
9640,,,,,,,,,,5.0,S02
9660,,,,,,,,,,5.0,S02
9680,,,,,,,,,,5.0,S02
9700,,,,,,,,,,5.0,S02
9720,,,,,,,,,,5.0,S02
9740,,,,,,,,,,5.0,S02
9760,,,,,,,,,,5.0,S02
9780,,,,,,,,,,5.0,S02
9800,,,,,,,,,,5.0,S02
9820,,,,,,,,,,5.0,S02
9840,,,,,,,,,,5.0,S02
9860,,,,,,,,,,5.0,S02
9880,,,,,,,,,,5.0,S02
9900,,,,,,,,,,5.0,S02
9920,,,,,,,,,,5.0,S02
9940,,,,,,,,,,5.0,S02
9960,,,,,,,,,,5.0,S02
9980,,,,,,,,,,5.0,S02
10000,,,,,,,,,,5.0,S02
10020,,,,,,,,,,5.0,S02
10040,,,,,,,,,,5.0,S02
10060,,,,,,,,,,5.0,S02
10080,,,,,,,,,,5.0,S02
10100,,,,,,,,,,5.0,S02
10120,,,,,,,,,,5.0,S02
10140,,,,,,,,,,5.0,S02
10160,,,,,,,,,,5.0,S02
10180,,,,,,,,,,5.0,S02
10200,,,,,,,,,,5.0,S02
10220,,,,,,,,,,5.0,S02
10240,,,,,,,,,,5.0,S02
10260,,,,,,,,,,5.0,S02
10280,,,,,,,,,,5.0,S02
10300,,,,,,,,,,5.0,S02
10320,,,,,,,,,,5.0,S02
10340,,,,,,,,,,5.0,S02
10360,,,,,,,,,,5.0,S02
10380,,,,,,,,,,5.0,S02
10400,,,,,,,,,,5.0,S02
10420,,,,,,,,,,5.0,S02
10440,,,,,,,,,,5.0,S02
10460,,,,,,,,,,5.0,S02
10480,,,,,,,,,,5.0,S02
10500,,,,,,,,,,5.0,S02
10520,,,,,,,,,,5.0,S02
10540,,,,,,,,,,5.0,S02
10560,,,,,,,,,,5.0,S02
10580,,,,,,,,,,5.0,S02
10600,,,,,,,,,,5.0,S02
10620,,,,,,,,,,5.0,S02
10640,,,,,,,,,,5.0,S02
10660,,,,,,,,,,5.0,S02
10680,,,,,,,,,,5.0,S02
10700,,,,,,,,,,5.0,S02
10720,,,,,,,,,,5.0,S02
10740,,,,,,,,,,5.0,S02
10760,,,,,,,,,,5.0,S02
10780,,,,,,,,,,5.0,S02
10800,,,,,,,,,,5.0,S02
10820,,,,,,,,,,5.0,S02
10840,,,,,,,,,,5.0,S02
10860,,,,,,,,,,5.0,S02
10880,,,,,,,,,,5.0,S02
10900,,,,,,,,,,5.0,S02
10920,,,,,,,,,,5.0,S02
10940,,,,,,,,,,5.0,S02
10960,,,,,,,,,,5.0,S02
10980,,,,,,,,,,5.0,S02
11000,,,,,,,,,,5.0,S02
11020,,,,,,,,,,5.0,S02
11040,,,,,,,,,,5.0,S02
11060,,,,,,,,,,5.0,S02
11080,,,,,,,,,,5.0,S02
11100,,,,,,,,,,5.0,S02
11120,,,,,,,,,,5.0,S02
11140,,,,,,,,,,5.0,S02
11160,,,,,,,,,,5.0,S02
11180,,,,,,,,,,5.0,S02
11200,,,,,,,,,,5.0,S02
11220,,,,,,,,,,5.0,S02
11240,,,,,,,,,,5.0,S02
11260,,,,,,,,,,5.0,S02
11280,,,,,,,,,,5.0,S02
11300,,,,,,,,,,5.0,S02
11320,,,,,,,,,,5.0,S02
11340,,,,,,,,,,5.0,S02
11360,,,,,,,,,,5.0,S02
11380,,,,,,,,,,5.0,S02
11400,,,,,,,,,,5.0,S02
11420,,,,,,,,,,5.0,S02
11440,,,,,,,,,,5.0,S02
11460,,,,,,,,,,5.0,S02
11480,,,,,,,,,,5.0,S02
11500,,,,,,,,,,5.0,S02
11520,,,,,,,,,,5.0,S02
11540,,,,,,,,,,5.0,S02
11560,,,,,,,,,,5.0,S02
11580,,,,,,,,,,5.0,S02
11600,,,,,,,,,,5.0,S02
11620,,,,,,,,,,5.0,S02
11640,,,,,,,,,,5.0,S02
11660,,,,,,,,,,5.0,S02
11680,,,,,,,,,,5.0,S02
11700,,,,,,,,,,5.0,S02
11720,,,,,,,,,,5.0,S02
11740,,,,,,,,,,5.0,S02
11760,,,,,,,,,,5.0,S02
11780,,,,,,,,,,5.0,S02
11800,,,,,,,,,,5.0,S02
11820,,,,,,,,,,5.0,S02
11840,,,,,,,,,,5.0,S02
11860,,,,,,,,,,5.0,S02
11880,,,,,,,,,,5.0,S02
11900,,,,,,,,,,5.0,S02
11920,,,,,,,,,,5.0,S02
11940,,,,,,,,,,5.0,S02
11960,,,,,,,,,,5.0,S02
11980,,,,,,,,,,5.0,S02
12000,,,,,,,,,,5.0,S02
12020,,,,,,,,,,5.0,S02
12040,,,,,,,,,,5.0,S02
12060,,,,,,,,,,5.0,S02
12080,,,,,,,,,,5.0,S02
12100,,,,,,,,,,5.0,S02
12120,,,,,,,,,,5.0,S02
12140,,,,,,,,,,5.0,S02
12160,,,,,,,,,,5.0,S02
12180,,,,,,,,,,5.0,S02
12200,,,,,,,,,,5.0,S02
12220,,,,,,,,,,5.0,S02
12240,,,,,,,,,,5.0,S02
12260,,,,,,,,,,5.0,S02
12280,,,,,,,,,,5.0,S02
12300,,,,,,,,,,5.0,S02
12320,,,,,,,,,,5.0,S02
12340,,,,,,,,,,5.0,S02
12360,,,,,,,,,,5.0,S02
12380,,,,,,,,,,5.0,S02
12400,,,,,,,,,,5.0,S02
12420,,,,,,,,,,5.0,S02
12440,,,,,,,,,,5.0,S02
12460,,,,,,,,,,5.0,S02
12480,,,,,,,,,,5.0,S02
12500,,,,,,,,,,5.0,S02
12520,,,,,,,,,,5.0,S02
12540,,,,,,,,,,5.0,S02
12560,,,,,,,,,,5.0,S02
12580,,,,,,,,,,5.0,S02
12600,,,,,,,,,,5.0,S02
12620,,,,,,,,,,5.0,S02
12640,,,,,,,,,,5.0,S02
12660,,,,,,,,,,5.0,S02
12680,,,,,,,,,,5.0,S02
12700,,,,,,,,,,5.0,S02
12720,,,,,,,,,,5.0,S02
12740,,,,,,,,,,5.0,S02
12760,,,,,,,,,,5.0,S02
12780,,,,,,,,,,5.0,S02
12800,,,,,,,,,,5.0,S02
12820,,,,,,,,,,5.0,S02
12840,,,,,,,,,,5.0,S02
12860,,,,,,,,,,5.0,S02
12880,,,,,,,,,,5.0,S02
12900,,,,,,,,,,5.0,S02
12920,,,,,,,,,,5.0,S02
12940,,,,,,,,,,5.0,S02
12960,,,,,,,,,,5.0,S02
12980,,,,,,,,,,5.0,S02
13000,,,,,,,,,,5.0,S02
13020,,,,,,,,,,5.0,S02
13040,,,,,,,,,,5.0,S02
13060,,,,,,,,,,5.0,S02
13080,,,,,,,,,,5.0,S02
13100,,,,,,,,,,5.0,S02
13120,,,,,,,,,,5.0,S02
13140,,,,,,,,,,5.0,S02
13160,,,,,,,,,,5.0,S02
13180,,,,,,,,,,5.0,S02
13200,,,,,,,,,,5.0,S02
13220,,,,,,,,,,5.0,S02
13240,,,,,,,,,,5.0,S02
13260,,,,,,,,,,5.0,S02
13280,,,,,,,,,,5.0,S02
13300,,,,,,,,,,5.0,S02
13320,,,,,,,,,,5.0,S02
13340,,,,,,,,,,5.0,S02
13360,,,,,,,,,,5.0,S02
13380,,,,,,,,,,5.0,S02
13400,,,,,,,,,,5.0,S02
13420,,,,,,,,,,5.0,S02
13440,,,,,,,,,,5.0,S02
13460,,,,,,,,,,5.0,S02
13480,,,,,,,,,,5.0,S02
13500,,,,,,,,,,5.0,S02
13520,,,,,,,,,,5.0,S02
13540,,,,,,,,,,5.0,S02
13560,,,,,,,,,,5.0,S02
13580,,,,,,,,,,5.0,S02
13600,,,,,,,,,,5.0,S02
13620,,,,,,,,,,5.0,S02
13640,,,,,,,,,,5.0,S02
13660,,,,,,,,,,5.0,S02
13680,,,,,,,,,,5.0,S02
13700,,,,,,,,,,5.0,S02
13720,,,,,,,,,,5.0,S02
13740,,,,,,,,,,5.0,S02
13760,,,,,,,,,,5.0,S02
13780,,,,,,,,,,5.0,S02
13800,,,,,,,,,,5.0,S02
13820,,,,,,,,,,5.0,S02
13840,,,,,,,,,,5.0,S02
13860,,,,,,,,,,5.0,S02
13880,,,,,,,,,,5.0,S02
13900,,,,,,,,,,5.0,S02
13920,,,,,,,,,,5.0,S02
13940,,,,,,,,,,5.0,S02
13960,,,,,,,,,,5.0,S02
13980,,,,,,,,,,5.0,S02
14000,,,,,,,,,,5.0,S02
14020,,,,,,,,,,5.0,S02
14040,,,,,,,,,,5.0,S02
14060,,,,,,,,,,5.0,S02
14080,,,,,,,,,,5.0,S02
14100,,,,,,,,,,5.0,S02
14120,,,,,,,,,,5.0,S02
14140,,,,,,,,,,5.0,S02
14160,,,,,,,,,,5.0,S02
14180,,,,,,,,,,5.0,S02
14200,,,,,,,,,,5.0,S02
14220,,,,,,,,,,5.0,S02
14240,,,,,,,,,,5.0,S02
14260,,,,,,,,,,5.0,S02
14280,,,,,,,,,,5.0,S02
14300,,,,,,,,,,5.0,S02
14320,,,,,,,,,,5.0,S02
14340,,,,,,,,,,5.0,S02
14360,,,,,,,,,,5.0,S02
14380,,,,,,,,,,5.0,S02
14400,,,,,,,,,,5.0,S02
14420,,,,,,,,,,5.0,S02
14440,,,,,,,,,,5.0,S02
14460,,,,,,,,,,5.0,S02
14480,,,,,,,,,,5.0,S02
14500,,,,,,,,,,5.0,S02
14520,,,,,,,,,,5.0,S02
14540,,,,,,,,,,5.0,S02
14560,,,,,,,,,,5.0,S02
14580,,,,,,,,,,5.0,S02
14600,,,,,,,,,,5.0,S02
14620,,,,,,,,,,5.0,S02
14640,,,,,,,,,,5.0,S02
14660,,,,,,,,,,5.0,S02
14680,,,,,,,,,,5.0,S02
14700,,,,,,,,,,5.0,S02
14720,,,,,,,,,,5.0,S02
14740,,,,,,,,,,5.0,S02
14760,,,,,,,,,,5.0,S02
14780,,,,,,,,,,5.0,S02
14800,,,,,,,,,,5.0,S02
14820,,,,,,,,,,5.0,S02
14840,,,,,,,,,,5.0,S02
14860,,,,,,,,,,5.0,S02
14880,,,,,,,,,,5.0,S02
14900,,,,,,,,,,5.0,S02
14920,,,,,,,,,,5.0,S02
14940,,,,,,,,,,5.0,S02
14960,,,,,,,,,,5.0,S02
14980,,,,,,,,,,5.0,S02
15000,,,,,,,,,,5.0,S02
15020,,,,,,,,,,5.0,S02
15040,,,,,,,,,,5.0,S02
15060,,,,,,,,,,5.0,S02
15080,,,,,,,,,,5.0,S02
15100,,,,,,,,,,5.0,S02
15120,,,,,,,,,,5.0,S02
15140,,,,,,,,,,5.0,S02
15160,,,,,,,,,,5.0,S02
15180,,,,,,,,,,5.0,S02
15200,,,,,,,,,,5.0,S02
15220,,,,,,,,,,5.0,S02
15240,,,,,,,,,,5.0,S02
15260,,,,,,,,,,5.0,S02
15280,,,,,,,,,,5.0,S02
15300,,,,,,,,,,5.0,S02
15320,,,,,,,,,,5.0,S02
15340,,,,,,,,,,5.0,S02
15360,,,,,,,,,,5.0,S02
15380,,,,,,,,,,5.0,S02
15400,,,,,,,,,,5.0,S02
15420,,,,,,,,,,5.0,S02
15440,,,,,,,,,,5.0,S02
15460,,,,,,,,,,5.0,S02
15480,,,,,,,,,,5.0,S02
15500,,,,,,,,,,5.0,S02
15520,,,,,,,,,,5.0,S02
15540,,,,,,,,,,5.0,S02
15560,,,,,,,,,,5.0,S02
15580,,,,,,,,,,5.0,S02
15600,,,,,,,,,,5.0,S02
15620,,,,,,,,,,5.0,S02
15640,,,,,,,,,,5.0,S02
15660,,,,,,,,,,5.0,S02
15680,,,,,,,,,,5.0,S02
15700,,,,,,,,,,5.0,S02
15720,,,,,,,,,,5.0,S02
15740,,,,,,,,,,5.0,S02
15760,,,,,,,,,,5.0,S02
15780,,,,,,,,,,5.0,S02
15800,,,,,,,,,,5.0,S02
15820,,,,,,,,,,5.0,S02
15840,,,,,,,,,,5.0,S02
15860,,,,,,,,,,5.0,S02
15880,,,,,,,,,,5.0,S02
15900,,,,,,,,,,5.0,S02
15920,,,,,,,,,,5.0,S02
15940,,,,,,,,,,5.0,S02
15960,,,,,,,,,,5.0,S02
15980,,,,,,,,,,5.0,S02
16000,,,,,,,,,,5.0,S02
16020,,,,,,,,,,5.0,S02
16040,,,,,,,,,,5.0,S02
16060,,,,,,,,,,5.0,S02
16080,,,,,,,,,,5.0,S02
16100,,,,,,,,,,5.0,S02
16120,,,,,,,,,,5.0,S02
16140,,,,,,,,,,5.0,S02
16160,,,,,,,,,,5.0,S02
16180,,,,,,,,,,5.0,S02
16200,,,,,,,,,,5.0,S02
16220,,,,,,,,,,5.0,S02
16240,,,,,,,,,,5.0,S02
16260,,,,,,,,,,5.0,S02
16280,,,,,,,,,,5.0,S02
16300,,,,,,,,,,5.0,S02
16320,,,,,,,,,,5.0,S02
16340,,,,,,,,,,5.0,S02
16360,,,,,,,,,,5.0,S02
16380,,,,,,,,,,5.0,S02
16400,,,,,,,,,,5.0,S02
16420,,,,,,,,,,5.0,S02
16440,,,,,,,,,,5.0,S02
16460,,,,,,,,,,5.0,S02
16480,,,,,,,,,,5.0,S02
16500,,,,,,,,,,5.0,S02
16520,,,,,,,,,,5.0,S02
16540,,,,,,,,,,5.0,S02
16560,,,,,,,,,,5.0,S02
16580,,,,,,,,,,5.0,S02
16600,,,,,,,,,,5.0,S02
16620,,,,,,,,,,5.0,S02
16640,,,,,,,,,,5.0,S02
16660,,,,,,,,,,5.0,S02
16680,,,,,,,,,,5.0,S02
16700,,,,,,,,,,5.0,S02
16720,,,,,,,,,,5.0,S02
16740,,,,,,,,,,5.0,S02
16760,,,,,,,,,,5.0,S02
16780,,,,,,,,,,5.0,S02
16800,,,,,,,,,,5.0,S02
16820,,,,,,,,,,5.0,S02
16840,,,,,,,,,,5.0,S02
16860,,,,,,,,,,5.0,S02
16880,,,,,,,,,,5.0,S02
16900,,,,,,,,,,5.0,S02
16920,,,,,,,,,,5.0,S02
16940,,,,,,,,,,5.0,S02
16960,,,,,,,,,,5.0,S02
16980,,,,,,,,,,5.0,S02
17000,,,,,,,,,,5.0,S02
17020,,,,,,,,,,5.0,S02
17040,,,,,,,,,,5.0,S02
17060,,,,,,,,,,5.0,S02
17080,,,,,,,,,,5.0,S02
17100,,,,,,,,,,5.0,S02
17120,,,,,,,,,,5.0,S02
17140,,,,,,,,,,5.0,S02
17160,,,,,,,,,,5.0,S02
17180,,,,,,,,,,5.0,S02
17200,,,,,,,,,,5.0,S02
17220,,,,,,,,,,5.0,S02
17240,,,,,,,,,,5.0,S02
17260,,,,,,,,,,5.0,S02
17280,,,,,,,,,,5.0,S02
17300,,,,,,,,,,5.0,S02
17320,,,,,,,,,,5.0,S02
17340,,,,,,,,,,5.0,S02
17360,,,,,,,,,,5.0,S02
17380,,,,,,,,,,5.0,S02
17400,,,,,,,,,,5.0,S02
17420,,,,,,,,,,5.0,S02
17440,,,,,,,,,,5.0,S02
17460,,,,,,,,,,5.0,S02
17480,,,,,,,,,,5.0,S02
17500,,,,,,,,,,5.0,S02
17520,,,,,,,,,,5.0,S02
17540,,,,,,,,,,5.0,S02
17560,,,,,,,,,,5.0,S02
17580,,,,,,,,,,5.0,S02
17600,,,,,,,,,,5.0,S02
17620,,,,,,,,,,5.0,S02
17640,,,,,,,,,,5.0,S02
17660,,,,,,,,,,5.0,S02
17680,,,,,,,,,,5.0,S02
17700,,,,,,,,,,5.0,S02
17720,,,,,,,,,,5.0,S02
17740,,,,,,,,,,5.0,S02
17760,,,,,,,,,,5.0,S02
17780,,,,,,,,,,5.0,S02
17800,,,,,,,,,,5.0,S02
17820,,,,,,,,,,5.0,S02
17840,,,,,,,,,,5.0,S02
17860,,,,,,,,,,5.0,S02
17880,,,,,,,,,,5.0,S02
17900,,,,,,,,,,5.0,S02
17920,,,,,,,,,,5.0,S02
17940,,,,,,,,,,5.0,S02
17960,,,,,,,,,,5.0,S02
17980,,,,,,,,,,5.0,S02
18000,,,,,,,,,,5.0,S02
18020,,,,,,,,,,5.0,S02
18040,,,,,,,,,,5.0,S02
18060,,,,,,,,,,5.0,S02
18080,,,,,,,,,,5.0,S02
18100,,,,,,,,,,5.0,S02
18120,,,,,,,,,,5.0,S02
18140,,,,,,,,,,5.0,S02
18160,,,,,,,,,,5.0,S02
18180,,,,,,,,,,5.0,S02
18200,,,,,,,,,,5.0,S02
18220,,,,,,,,,,5.0,S02
18240,,,,,,,,,,5.0,S02
18260,,,,,,,,,,5.0,S02
18280,,,,,,,,,,5.0,S02
18300,,,,,,,,,,5.0,S02
18320,,,,,,,,,,5.0,S02
18340,,,,,,,,,,5.0,S02
18360,,,,,,,,,,5.0,S02
18380,,,,,,,,,,5.0,S02
18400,,,,,,,,,,5.0,S02
18420,,,,,,,,,,5.0,S02
18440,,,,,,,,,,5.0,S02
18460,,,,,,,,,,5.0,S02
18480,,,,,,,,,,5.0,S02
18500,,,,,,,,,,5.0,S02
18520,,,,,,,,,,5.0,S02
18540,,,,,,,,,,5.0,S02
18560,,,,,,,,,,5.0,S02
18580,,,,,,,,,,5.0,S02
18600,,,,,,,,,,5.0,S02
18620,,,,,,,,,,5.0,S02
18640,,,,,,,,,,5.0,S02
18660,,,,,,,,,,5.0,S02
18680,,,,,,,,,,5.0,S02
18700,,,,,,,,,,5.0,S02
18720,,,,,,,,,,5.0,S02
18740,,,,,,,,,,5.0,S02
18760,,,,,,,,,,5.0,S02
18780,,,,,,,,,,5.0,S02
18800,,,,,,,,,,5.0,S02
18820,,,,,,,,,,5.0,S02
18840,,,,,,,,,,5.0,S02
18860,,,,,,,,,,5.0,S02
18880,,,,,,,,,,5.0,S02
18900,,,,,,,,,,5.0,S02
18920,,,,,,,,,,5.0,S02
18940,,,,,,,,,,5.0,S02
18960,,,,,,,,,,5.0,S02
18980,,,,,,,,,,5.0,S02
19000,,,,,,,,,,5.0,S02
19020,,,,,,,,,,5.0,S02
19040,,,,,,,,,,5.0,S02
19060,,,,,,,,,,5.0,S02
19080,,,,,,,,,,5.0,S02
19100,,,,,,,,,,5.0,S02
19120,,,,,,,,,,5.0,S02
19140,,,,,,,,,,5.0,S02
19160,,,,,,,,,,5.0,S02
19180,,,,,,,,,,5.0,S02
19200,,,,,,,,,,5.0,S02
19220,,,,,,,,,,5.0,S02
19240,,,,,,,,,,5.0,S02
19260,,,,,,,,,,5.0,S02
19280,,,,,,,,,,5.0,S02
19300,,,,,,,,,,5.0,S02
19320,,,,,,,,,,5.0,S02
19340,,,,,,,,,,5.0,S02
19360,,,,,,,,,,5.0,S02
19380,,,,,,,,,,5.0,S02
19400,,,,,,,,,,5.0,S02
19420,,,,,,,,,,5.0,S02
19440,,,,,,,,,,5.0,S02
19460,,,,,,,,,,5.0,S02
19480,,,,,,,,,,5.0,S02
19500,,,,,,,,,,5.0,S02
19520,,,,,,,,,,5.0,S02
19540,,,,,,,,,,5.0,S02
19560,,,,,,,,,,5.0,S02
19580,,,,,,,,,,5.0,S02
19600,,,,,,,,,,5.0,S02
19620,,,,,,,,,,5.0,S02
19640,,,,,,,,,,5.0,S02
19660,,,,,,,,,,5.0,S02
19680,,,,,,,,,,5.0,S02
19700,,,,,,,,,,5.0,S02
19720,,,,,,,,,,5.0,S02
19740,,,,,,,,,,5.0,S02
19760,,,,,,,,,,5.0,S02
19780,,,,,,,,,,5.0,S02
19800,,,,,,,,,,5.0,S02
19820,,,,,,,,,,5.0,S02
19840,,,,,,,,,,5.0,S02
19860,,,,,,,,,,5.0,S02
19880,,,,,,,,,,5.0,S02
19900,,,,,,,,,,5.0,S02
19920,,,,,,,,,,5.0,S02
19940,,,,,,,,,,5.0,S02
19960,,,,,,,,,,5.0,S02
19980,,,,,,,,,,5.0,S02
20000,,,,,,,,,,5.0,S02
20020,,,,,,,,,,5.0,S02
20040,,,,,,,,,,5.0,S02
20060,,,,,,,,,,5.0,S02
20080,,,,,,,,,,5.0,S02
20100,,,,,,,,,,5.0,S02
20120,,,,,,,,,,5.0,S02
20140,,,,,,,,,,5.0,S02
20160,,,,,,,,,,5.0,S02
20180,,,,,,,,,,5.0,S02
20200,,,,,,,,,,5.0,S02
20220,,,,,,,,,,5.0,S02
20240,,,,,,,,,,5.0,S02
20260,,,,,,,,,,5.0,S02
20280,,,,,,,,,,5.0,S02
20300,,,,,,,,,,5.0,S02
20320,,,,,,,,,,5.0,S02
20340,,,,,,,,,,5.0,S02
20360,,,,,,,,,,5.0,S02
20380,,,,,,,,,,5.0,S02
20400,,,,,,,,,,5.0,S02
20420,,,,,,,,,,5.0,S02
20440,,,,,,,,,,5.0,S02
20460,,,,,,,,,,5.0,S02
20480,,,,,,,,,,5.0,S02
20500,,,,,,,,,,5.0,S02
20520,,,,,,,,,,5.0,S02
20540,,,,,,,,,,5.0,S02
20560,,,,,,,,,,5.0,S02
20580,,,,,,,,,,5.0,S02
20600,,,,,,,,,,5.0,S02
20620,,,,,,,,,,5.0,S02
20640,,,,,,,,,,5.0,S02
20660,,,,,,,,,,5.0,S02
20680,,,,,,,,,,5.0,S02
20700,,,,,,,,,,5.0,S02
20720,,,,,,,,,,5.0,S02
20740,,,,,,,,,,5.0,S02
20760,,,,,,,,,,5.0,S02
20780,,,,,,,,,,5.0,S02
20800,,,,,,,,,,5.0,S02
20820,,,,,,,,,,5.0,S02
20840,,,,,,,,,,5.0,S02
20860,,,,,,,,,,5.0,S02
20880,,,,,,,,,,5.0,S02
20900,,,,,,,,,,5.0,S02
20920,,,,,,,,,,5.0,S02
20940,,,,,,,,,,5.0,S02
20960,,,,,,,,,,5.0,S02
20980,,,,,,,,,,5.0,S02
21000,,,,,,,,,,5.0,S02
21020,,,,,,,,,,5.0,S02
21040,,,,,,,,,,5.0,S02
21060,,,,,,,,,,5.0,S02
21080,,,,,,,,,,5.0,S02
21100,,,,,,,,,,5.0,S02
21120,,,,,,,,,,5.0,S02
21140,,,,,,,,,,5.0,S02
21160,,,,,,,,,,5.0,S02
21180,,,,,,,,,,5.0,S02
21200,,,,,,,,,,5.0,S02
21220,,,,,,,,,,5.0,S02
21240,,,,,,,,,,5.0,S02
21260,,,,,,,,,,5.0,S02
21280,,,,,,,,,,5.0,S02
21300,,,,,,,,,,5.0,S02
21320,,,,,,,,,,5.0,S02
21340,,,,,,,,,,5.0,S02
21360,,,,,,,,,,5.0,S02
21380,,,,,,,,,,5.0,S02
21400,,,,,,,,,,5.0,S02
21420,,,,,,,,,,5.0,S02
21440,,,,,,,,,,5.0,S02
21460,,,,,,,,,,5.0,S02
21480,,,,,,,,,,5.0,S02
21500,,,,,,,,,,5.0,S02
21520,,,,,,,,,,5.0,S02
21540,,,,,,,,,,5.0,S02
21560,,,,,,,,,,5.0,S02
21580,,,,,,,,,,5.0,S02
21600,,,,,,,,,,5.0,S02
21620,,,,,,,,,,5.0,S02
21640,,,,,,,,,,5.0,S02
21660,,,,,,,,,,5.0,S02
21680,,,,,,,,,,5.0,S02
21700,,,,,,,,,,5.0,S02
21720,,,,,,,,,,5.0,S02
21740,,,,,,,,,,5.0,S02
21760,,,,,,,,,,5.0,S02
21780,,,,,,,,,,5.0,S02
21800,,,,,,,,,,5.0,S02
21820,,,,,,,,,,5.0,S02
21840,,,,,,,,,,5.0,S02
21860,,,,,,,,,,5.0,S02
21880,,,,,,,,,,5.0,S02
21900,,,,,,,,,,5.0,S02
21920,,,,,,,,,,5.0,S02
21940,,,,,,,,,,5.0,S02
21960,,,,,,,,,,5.0,S02
21980,,,,,,,,,,5.0,S02
22000,,,,,,,,,,5.0,S02
22020,,,,,,,,,,5.0,S02
22040,,,,,,,,,,5.0,S02
22060,,,,,,,,,,5.0,S02
22080,,,,,,,,,,5.0,S02
22100,,,,,,,,,,5.0,S02
22120,,,,,,,,,,5.0,S02
22140,,,,,,,,,,5.0,S02
22160,,,,,,,,,,5.0,S02
22180,,,,,,,,,,5.0,S02
22200,,,,,,,,,,5.0,S02
22220,,,,,,,,,,5.0,S02
22240,,,,,,,,,,5.0,S02
22260,,,,,,,,,,5.0,S02
22280,,,,,,,,,,5.0,S02
22300,,,,,,,,,,5.0,S02
22320,,,,,,,,,,5.0,S02
22340,,,,,,,,,,5.0,S02
22360,,,,,,,,,,5.0,S02
22380,,,,,,,,,,5.0,S02
22400,,,,,,,,,,5.0,S02
22420,,,,,,,,,,5.0,S02
22440,,,,,,,,,,5.0,S02
22460,,,,,,,,,,5.0,S02
22480,,,,,,,,,,5.0,S02
22500,,,,,,,,,,5.0,S02
22520,,,,,,,,,,5.0,S02
22540,,,,,,,,,,5.0,S02
22560,,,,,,,,,,5.0,S02
22580,,,,,,,,,,5.0,S02
22600,,,,,,,,,,5.0,S02
22620,,,,,,,,,,5.0,S02
22640,,,,,,,,,,5.0,S02
22660,,,,,,,,,,5.0,S02
22680,,,,,,,,,,5.0,S02
22700,,,,,,,,,,5.0,S02
22720,,,,,,,,,,5.0,S02
22740,,,,,,,,,,5.0,S02
22760,,,,,,,,,,5.0,S02
22780,,,,,,,,,,5.0,S02
22800,,,,,,,,,,5.0,S02
22820,,,,,,,,,,5.0,S02
22840,,,,,,,,,,5.0,S02
22860,,,,,,,,,,5.0,S02
22880,,,,,,,,,,5.0,S02
22900,,,,,,,,,,5.0,S02
22920,,,,,,,,,,5.0,S02
22940,,,,,,,,,,5.0,S02
22960,,,,,,,,,,5.0,S02
22980,,,,,,,,,,5.0,S02
23000,,,,,,,,,,5.0,S02
23020,,,,,,,,,,5.0,S02
23040,,,,,,,,,,5.0,S02
23060,,,,,,,,,,5.0,S02
23080,,,,,,,,,,5.0,S02
23100,,,,,,,,,,5.0,S02
23120,,,,,,,,,,5.0,S02
23140,,,,,,,,,,5.0,S02
23160,,,,,,,,,,5.0,S02
23180,,,,,,,,,,5.0,S02
23200,,,,,,,,,,5.0,S02
23220,,,,,,,,,,5.0,S02
23240,,,,,,,,,,5.0,S02
23260,,,,,,,,,,5.0,S02
23280,,,,,,,,,,5.0,S02
23300,,,,,,,,,,5.0,S02
23320,,,,,,,,,,5.0,S02
23340,,,,,,,,,,5.0,S02
23360,,,,,,,,,,5.0,S02
23380,,,,,,,,,,5.0,S02
23400,,,,,,,,,,5.0,S02
23420,,,,,,,,,,5.0,S02
23440,,,,,,,,,,5.0,S02
23460,,,,,,,,,,5.0,S02
23480,,,,,,,,,,5.0,S02
23500,,,,,,,,,,5.0,S02
23520,,,,,,,,,,5.0,S02
23540,,,,,,,,,,5.0,S02
23560,,,,,,,,,,5.0,S02
23580,,,,,,,,,,5.0,S02
23600,,,,,,,,,,5.0,S02
23620,,,,,,,,,,5.0,S02
23640,,,,,,,,,,5.0,S02
23660,,,,,,,,,,5.0,S02
23680,,,,,,,,,,5.0,S02
23700,,,,,,,,,,5.0,S02
23720,,,,,,,,,,5.0,S02
23740,,,,,,,,,,5.0,S02
23760,,,,,,,,,,5.0,S02
23780,,,,,,,,,,5.0,S02
23800,,,,,,,,,,5.0,S02
23820,,,,,,,,,,5.0,S02
23840,,,,,,,,,,5.0,S02
23860,,,,,,,,,,5.0,S02
23880,,,,,,,,,,5.0,S02
23900,,,,,,,,,,5.0,S02
23920,,,,,,,,,,5.0,S02
23940,,,,,,,,,,5.0,S02
23960,,,,,,,,,,5.0,S02
23980,,,,,,,,,,5.0,S02
24000,,,,,,,,,,5.0,S02
24020,,,,,,,,,,5.0,S02
24040,,,,,,,,,,5.0,S02
24060,,,,,,,,,,5.0,S02
24080,,,,,,,,,,5.0,S02
24100,,,,,,,,,,5.0,S02
24120,,,,,,,,,,5.0,S02
24140,,,,,,,,,,5.0,S02
24160,,,,,,,,,,5.0,S02
24180,,,,,,,,,,5.0,S02
24200,,,,,,,,,,5.0,S02
24220,,,,,,,,,,5.0,S02
24240,,,,,,,,,,5.0,S02
24260,,,,,,,,,,5.0,S02
24280,,,,,,,,,,5.0,S02
24300,,,,,,,,,,5.0,S02
24320,,,,,,,,,,5.0,S02
24340,,,,,,,,,,5.0,S02
24360,,,,,,,,,,5.0,S02
24380,,,,,,,,,,5.0,S02
24400,,,,,,,,,,5.0,S02
24420,,,,,,,,,,5.0,S02
24440,,,,,,,,,,5.0,S02
24460,,,,,,,,,,5.0,S02
24480,,,,,,,,,,5.0,S02
24500,,,,,,,,,,5.0,S02
24520,,,,,,,,,,5.0,S02
24540,,,,,,,,,,5.0,S02
24560,,,,,,,,,,5.0,S02
24580,,,,,,,,,,5.0,S02
24600,,,,,,,,,,5.0,S02
24620,,,,,,,,,,5.0,S02
24640,,,,,,,,,,5.0,S02
24660,,,,,,,,,,5.0,S02
24680,,,,,,,,,,5.0,S02
24700,,,,,,,,,,5.0,S02
24720,,,,,,,,,,5.0,S02
24740,,,,,,,,,,5.0,S02
24760,,,,,,,,,,5.0,S02
24780,,,,,,,,,,5.0,S02
24800,,,,,,,,,,5.0,S02
24820,,,,,,,,,,5.0,S02
24840,,,,,,,,,,5.0,S02
24860,,,,,,,,,,5.0,S02
24880,,,,,,,,,,5.0,S02
24900,,,,,,,,,,5.0,S02
24920,,,,,,,,,,5.0,S02
24940,,,,,,,,,,5.0,S02
24960,,,,,,,,,,5.0,S02
24980,,,,,,,,,,5.0,S02
25000,,,,,,,,,,5.0,S02
25020,,,,,,,,,,5.0,S02
25040,,,,,,,,,,5.0,S02
25060,,,,,,,,,,5.0,S02
25080,,,,,,,,,,5.0,S02
25100,,,,,,,,,,5.0,S02
25120,,,,,,,,,,5.0,S02
25140,,,,,,,,,,5.0,S02
25160,,,,,,,,,,5.0,S02
25180,,,,,,,,,,5.0,S02
25200,,,,,,,,,,5.0,S02
25220,,,,,,,,,,5.0,S02
25240,,,,,,,,,,5.0,S02
25260,,,,,,,,,,5.0,S02
25280,,,,,,,,,,5.0,S02
25300,,,,,,,,,,5.0,S02
25320,,,,,,,,,,5.0,S02
25340,,,,,,,,,,5.0,S02
25360,,,,,,,,,,5.0,S02
25380,,,,,,,,,,5.0,S02
25400,,,,,,,,,,5.0,S02
25420,,,,,,,,,,5.0,S02
25440,,,,,,,,,,5.0,S02
25460,,,,,,,,,,5.0,S02
25480,,,,,,,,,,5.0,S02
25500,,,,,,,,,,5.0,S02
25520,,,,,,,,,,5.0,S02
25540,,,,,,,,,,5.0,S02
25560,,,,,,,,,,5.0,S02
25580,,,,,,,,,,5.0,S02
25600,,,,,,,,,,5.0,S02
25620,,,,,,,,,,5.0,S02
25640,,,,,,,,,,5.0,S02
25660,,,,,,,,,,5.0,S02
25680,,,,,,,,,,5.0,S02
25700,,,,,,,,,,5.0,S02
25720,,,,,,,,,,5.0,S02
25740,,,,,,,,,,5.0,S02
25760,,,,,,,,,,5.0,S02
25780,,,,,,,,,,5.0,S02
25800,,,,,,,,,,5.0,S02
25820,,,,,,,,,,5.0,S02
25840,,,,,,,,,,5.0,S02
25860,,,,,,,,,,5.0,S02
25880,,,,,,,,,,5.0,S02
25900,,,,,,,,,,5.0,S02
25920,,,,,,,,,,5.0,S02
25940,,,,,,,,,,5.0,S02
25960,,,,,,,,,,5.0,S02
25980,,,,,,,,,,5.0,S02
26000,,,,,,,,,,5.0,S02
26020,,,,,,,,,,5.0,S02
26040,,,,,,,,,,5.0,S02
26060,,,,,,,,,,5.0,S02
26080,,,,,,,,,,5.0,S02
26100,,,,,,,,,,5.0,S02
26120,,,,,,,,,,5.0,S02
26140,,,,,,,,,,5.0,S02
26160,,,,,,,,,,5.0,S02
26180,,,,,,,,,,5.0,S02
26200,,,,,,,,,,5.0,S02
26220,,,,,,,,,,5.0,S02
26240,,,,,,,,,,5.0,S02
26260,,,,,,,,,,5.0,S02
26280,,,,,,,,,,5.0,S02
26300,,,,,,,,,,5.0,S02
26320,,,,,,,,,,5.0,S02
26340,,,,,,,,,,5.0,S02
26360,,,,,,,,,,5.0,S02
26380,,,,,,,,,,5.0,S02
26400,,,,,,,,,,5.0,S02
26420,,,,,,,,,,5.0,S02
26440,,,,,,,,,,5.0,S02
26460,,,,,,,,,,5.0,S02
26480,,,,,,,,,,5.0,S02
26500,,,,,,,,,,5.0,S02
26520,,,,,,,,,,5.0,S02
26540,,,,,,,,,,5.0,S02
26560,,,,,,,,,,5.0,S02
26580,,,,,,,,,,5.0,S02
26600,,,,,,,,,,5.0,S02
26620,,,,,,,,,,5.0,S02
26640,,,,,,,,,,5.0,S02
26660,,,,,,,,,,5.0,S02
26680,,,,,,,,,,5.0,S02
26700,,,,,,,,,,5.0,S02
26720,,,,,,,,,,5.0,S02
26740,,,,,,,,,,5.0,S02
26760,,,,,,,,,,5.0,S02
26780,,,,,,,,,,5.0,S02
26800,,,,,,,,,,5.0,S02
26820,,,,,,,,,,5.0,S02
26840,,,,,,,,,,5.0,S02
26860,,,,,,,,,,5.0,S02
26880,,,,,,,,,,5.0,S02
26900,,,,,,,,,,5.0,S02
26920,,,,,,,,,,5.0,S02
26940,,,,,,,,,,5.0,S02
26960,,,,,,,,,,5.0,S02
26980,,,,,,,,,,5.0,S02
27000,,,,,,,,,,5.0,S02
27020,,,,,,,,,,5.0,S02
27040,,,,,,,,,,5.0,S02
27060,,,,,,,,,,5.0,S02
27080,,,,,,,,,,5.0,S02
27100,,,,,,,,,,5.0,S02
27120,,,,,,,,,,5.0,S02
27140,,,,,,,,,,5.0,S02
27160,,,,,,,,,,5.0,S02
27180,,,,,,,,,,5.0,S02
27200,,,,,,,,,,5.0,S02
27220,,,,,,,,,,5.0,S02
27240,,,,,,,,,,5.0,S02
27260,,,,,,,,,,5.0,S02
27280,,,,,,,,,,5.0,S02
27300,,,,,,,,,,5.0,S02
27320,,,,,,,,,,5.0,S02
27340,,,,,,,,,,5.0,S02
27360,,,,,,,,,,5.0,S02
27380,,,,,,,,,,5.0,S02
27400,,,,,,,,,,5.0,S02
27420,,,,,,,,,,5.0,S02
27440,,,,,,,,,,5.0,S02
27460,,,,,,,,,,5.0,S02
27480,,,,,,,,,,5.0,S02
27500,,,,,,,,,,5.0,S02
27520,,,,,,,,,,5.0,S02
27540,,,,,,,,,,5.0,S02
27560,,,,,,,,,,5.0,S02
27580,,,,,,,,,,5.0,S02
27600,,,,,,,,,,5.0,S02
27620,,,,,,,,,,5.0,S02
27640,,,,,,,,,,5.0,S02
27660,,,,,,,,,,5.0,S02
27680,,,,,,,,,,5.0,S02
27700,,,,,,,,,,5.0,S02
27720,,,,,,,,,,5.0,S02
27740,,,,,,,,,,5.0,S02
27760,,,,,,,,,,5.0,S02
27780,,,,,,,,,,5.0,S02
27800,,,,,,,,,,5.0,S02
27820,,,,,,,,,,5.0,S02
27840,,,,,,,,,,5.0,S02
27860,,,,,,,,,,5.0,S02
27880,,,,,,,,,,5.0,S02
27900,,,,,,,,,,5.0,S02
27920,,,,,,,,,,5.0,S02
27940,,,,,,,,,,5.0,S02
27960,,,,,,,,,,5.0,S02
27980,,,,,,,,,,5.0,S02
28000,,,,,,,,,,5.0,S02
28020,,,,,,,,,,5.0,S02
28040,,,,,,,,,,5.0,S02
28060,,,,,,,,,,5.0,S02
28080,,,,,,,,,,5.0,S02
28100,,,,,,,,,,5.0,S02
28120,,,,,,,,,,5.0,S02
28140,,,,,,,,,,5.0,S02
28160,,,,,,,,,,5.0,S02
28180,,,,,,,,,,5.0,S02
28200,,,,,,,,,,5.0,S02
28220,,,,,,,,,,5.0,S02
28240,,,,,,,,,,5.0,S02
28260,,,,,,,,,,5.0,S02
28280,,,,,,,,,,5.0,S02
28300,,,,,,,,,,5.0,S02
28320,,,,,,,,,,5.0,S02
28340,,,,,,,,,,5.0,S02
28360,,,,,,,,,,5.0,S02
28380,,,,,,,,,,5.0,S02
28400,,,,,,,,,,5.0,S02
28420,,,,,,,,,,5.0,S02
28440,,,,,,,,,,5.0,S02
28460,,,,,,,,,,5.0,S02
28480,,,,,,,,,,5.0,S02
28500,,,,,,,,,,5.0,S02
28520,,,,,,,,,,5.0,S02
28540,,,,,,,,,,5.0,S02
28560,,,,,,,,,,5.0,S02
28580,,,,,,,,,,5.0,S02
28600,,,,,,,,,,5.0,S02
28620,,,,,,,,,,5.0,S02
28640,,,,,,,,,,5.0,S02
28660,,,,,,,,,,5.0,S02
28680,,,,,,,,,,5.0,S02
28700,,,,,,,,,,5.0,S02
28720,,,,,,,,,,5.0,S02
28740,,,,,,,,,,5.0,S02
28760,,,,,,,,,,5.0,S02
28780,,,,,,,,,,5.0,S02
28800,,,,,,,,,,5.0,S02
28820,,,,,,,,,,5.0,S02
28840,,,,,,,,,,5.0,S02
28860,,,,,,,,,,5.0,S02
28880,,,,,,,,,,5.0,S02
28900,,,,,,,,,,5.0,S02
28920,,,,,,,,,,5.0,S02
28940,,,,,,,,,,5.0,S02
28960,,,,,,,,,,5.0,S02
28980,,,,,,,,,,5.0,S02
29000,,,,,,,,,,5.0,S02
29020,,,,,,,,,,5.0,S02
29040,,,,,,,,,,5.0,S02
29060,,,,,,,,,,5.0,S02
29080,,,,,,,,,,5.0,S02
29100,,,,,,,,,,5.0,S02
29120,,,,,,,,,,5.0,S02
29140,,,,,,,,,,5.0,S02
29160,,,,,,,,,,5.0,S02
29180,,,,,,,,,,5.0,S02
29200,,,,,,,,,,5.0,S02
29220,,,,,,,,,,5.0,S02
29240,,,,,,,,,,5.0,S02
29260,,,,,,,,,,5.0,S02
29280,,,,,,,,,,5.0,S02
29300,,,,,,,,,,5.0,S02
29320,,,,,,,,,,5.0,S02
29340,,,,,,,,,,5.0,S02
29360,,,,,,,,,,5.0,S02
29380,,,,,,,,,,5.0,S02
29400,,,,,,,,,,5.0,S02
29420,,,,,,,,,,5.0,S02
29440,,,,,,,,,,5.0,S02
29460,,,,,,,,,,5.0,S02
29480,,,,,,,,,,5.0,S02
29500,,,,,,,,,,5.0,S02
29520,,,,,,,,,,5.0,S02
29540,,,,,,,,,,5.0,S02
29560,,,,,,,,,,5.0,S02
29580,,,,,,,,,,5.0,S02
29600,,,,,,,,,,5.0,S02
29620,,,,,,,,,,5.0,S02
29640,,,,,,,,,,5.0,S02
29660,,,,,,,,,,5.0,S02
29680,,,,,,,,,,5.0,S02
29700,,,,,,,,,,5.0,S02
29720,,,,,,,,,,5.0,S02
29740,,,,,,,,,,5.0,S02
29760,,,,,,,,,,5.0,S02
29780,,,,,,,,,,5.0,S02
29800,,,,,,,,,,5.0,S02
29820,,,,,,,,,,5.0,S02
29840,,,,,,,,,,5.0,S02
29860,,,,,,,,,,5.0,S02
29880,,,,,,,,,,5.0,S02
29900,,,,,,,,,,5.0,S02
29920,,,,,,,,,,5.0,S02
29940,,,,,,,,,,5.0,S02
29960,,,,,,,,,,5.0,S02
29980,,,,,,,,,,5.0,S02
30000,,,,,,,,,,5.0,S02
30020,,,,,,,,,,5.0,S02
30040,,,,,,,,,,5.0,S02
30060,,,,,,,,,,5.0,S02
30080,,,,,,,,,,5.0,S02
30100,,,,,,,,,,5.0,S02
30120,,,,,,,,,,5.0,S02
30140,,,,,,,,,,5.0,S02
30160,,,,,,,,,,5.0,S02
30180,,,,,,,,,,5.0,S02
30200,,,,,,,,,,5.0,S02
30220,,,,,,,,,,5.0,S02
30240,,,,,,,,,,5.0,S02
30260,,,,,,,,,,5.0,S02
30280,,,,,,,,,,5.0,S02
30300,,,,,,,,,,5.0,S02
30320,,,,,,,,,,5.0,S02
30340,,,,,,,,,,5.0,S02
30360,,,,,,,,,,5.0,S02
30380,,,,,,,,,,5.0,S02
30400,,,,,,,,,,5.0,S02
30420,,,,,,,,,,5.0,S02
30440,,,,,,,,,,5.0,S02
30460,,,,,,,,,,5.0,S02
30480,,,,,,,,,,5.0,S02
30500,,,,,,,,,,5.0,S02
30520,,,,,,,,,,5.0,S02
30540,,,,,,,,,,5.0,S02
30560,,,,,,,,,,5.0,S02
30580,,,,,,,,,,5.0,S02
30600,,,,,,,,,,5.0,S02
30620,,,,,,,,,,5.0,S02
30640,,,,,,,,,,5.0,S02
30660,,,,,,,,,,5.0,S02
30680,,,,,,,,,,5.0,S02
30700,,,,,,,,,,5.0,S02
30720,,,,,,,,,,5.0,S02
30740,,,,,,,,,,5.0,S02
30760,,,,,,,,,,5.0,S02
30780,,,,,,,,,,5.0,S02
30800,,,,,,,,,,5.0,S02
30820,,,,,,,,,,5.0,S02
30840,,,,,,,,,,5.0,S02
30860,,,,,,,,,,5.0,S02
30880,,,,,,,,,,5.0,S02
30900,,,,,,,,,,5.0,S02
30920,,,,,,,,,,5.0,S02
30940,,,,,,,,,,5.0,S02
30960,,,,,,,,,,5.0,S02
30980,,,,,,,,,,5.0,S02
31000,,,,,,,,,,5.0,S02
31020,,,,,,,,,,5.0,S02
31040,,,,,,,,,,5.0,S02
31060,,,,,,,,,,5.0,S02
31080,,,,,,,,,,5.0,S02
31100,,,,,,,,,,5.0,S02
31120,,,,,,,,,,5.0,S02
31140,,,,,,,,,,5.0,S02
31160,,,,,,,,,,5.0,S02
31180,,,,,,,,,,5.0,S02
31200,,,,,,,,,,5.0,S02
31220,,,,,,,,,,5.0,S02
31240,,,,,,,,,,5.0,S02
31260,,,,,,,,,,5.0,S02
31280,,,,,,,,,,5.0,S02
31300,,,,,,,,,,5.0,S02
31320,,,,,,,,,,5.0,S02
31340,,,,,,,,,,5.0,S02
31360,,,,,,,,,,5.0,S02
31380,,,,,,,,,,5.0,S02
31400,,,,,,,,,,5.0,S02
31420,,,,,,,,,,5.0,S02
31440,,,,,,,,,,5.0,S02
31460,,,,,,,,,,5.0,S02
31480,,,,,,,,,,5.0,S02
31500,,,,,,,,,,5.0,S02
31520,,,,,,,,,,5.0,S02
31540,,,,,,,,,,5.0,S02
31560,,,,,,,,,,5.0,S02
31580,,,,,,,,,,5.0,S02
31600,,,,,,,,,,5.0,S02
31620,,,,,,,,,,5.0,S02
31640,,,,,,,,,,5.0,S02
31660,,,,,,,,,,5.0,S02
31680,,,,,,,,,,5.0,S02
31700,,,,,,,,,,5.0,S02
31720,,,,,,,,,,5.0,S02
31740,,,,,,,,,,5.0,S02
31760,,,,,,,,,,5.0,S02
31780,,,,,,,,,,5.0,S02
31800,,,,,,,,,,5.0,S02
31820,,,,,,,,,,5.0,S02
31840,,,,,,,,,,5.0,S02
31860,,,,,,,,,,5.0,S02
31880,,,,,,,,,,5.0,S02
31900,,,,,,,,,,5.0,S02
31920,,,,,,,,,,5.0,S02
31940,,,,,,,,,,5.0,S02
31960,,,,,,,,,,5.0,S02
31980,,,,,,,,,,5.0,S02
32000,,,,,,,,,,5.0,S02
32020,,,,,,,,,,5.0,S02
32040,,,,,,,,,,5.0,S02
32060,,,,,,,,,,5.0,S02
32080,,,,,,,,,,5.0,S02
32100,,,,,,,,,,5.0,S02
32120,,,,,,,,,,5.0,S02
32140,,,,,,,,,,5.0,S02
32160,,,,,,,,,,5.0,S02
32180,,,,,,,,,,5.0,S02
32200,,,,,,,,,,5.0,S02
32220,,,,,,,,,,5.0,S02
32240,,,,,,,,,,5.0,S02
32260,,,,,,,,,,5.0,S02
32280,,,,,,,,,,5.0,S02
32300,,,,,,,,,,5.0,S02
32320,,,,,,,,,,5.0,S02
32340,,,,,,,,,,5.0,S02
32360,,,,,,,,,,5.0,S02
32380,,,,,,,,,,5.0,S02
32400,,,,,,,,,,5.0,S02
32420,,,,,,,,,,5.0,S02
32440,,,,,,,,,,5.0,S02
32460,,,,,,,,,,5.0,S02
32480,,,,,,,,,,5.0,S02
32500,,,,,,,,,,5.0,S02
32520,,,,,,,,,,5.0,S02
32540,,,,,,,,,,5.0,S02
32560,,,,,,,,,,5.0,S02
32580,,,,,,,,,,5.0,S02
32600,,,,,,,,,,5.0,S02
32620,,,,,,,,,,5.0,S02
32640,,,,,,,,,,5.0,S02
32660,,,,,,,,,,5.0,S02
32680,,,,,,,,,,5.0,S02
32700,,,,,,,,,,5.0,S02
32720,,,,,,,,,,5.0,S02
32740,,,,,,,,,,5.0,S02
32760,,,,,,,,,,5.0,S02
32780,,,,,,,,,,5.0,S02
32800,,,,,,,,,,5.0,S02
32820,,,,,,,,,,5.0,S02
32840,,,,,,,,,,5.0,S02
32860,,,,,,,,,,5.0,S02
32880,,,,,,,,,,5.0,S02
32900,,,,,,,,,,5.0,S02
32920,,,,,,,,,,5.0,S02
32940,,,,,,,,,,5.0,S02
32960,,,,,,,,,,5.0,S02
32980,,,,,,,,,,5.0,S02
33000,,,,,,,,,,5.0,S02
33020,,,,,,,,,,5.0,S02
33040,,,,,,,,,,5.0,S02
33060,,,,,,,,,,5.0,S02
33080,,,,,,,,,,5.0,S02
33100,,,,,,,,,,5.0,S02
33120,,,,,,,,,,5.0,S02
33140,,,,,,,,,,5.0,S02
33160,,,,,,,,,,5.0,S02
33180,,,,,,,,,,5.0,S02
33200,,,,,,,,,,5.0,S02
33220,,,,,,,,,,5.0,S02
33240,,,,,,,,,,5.0,S02
33260,,,,,,,,,,5.0,S02
33280,,,,,,,,,,5.0,S02
33300,,,,,,,,,,5.0,S02
33320,,,,,,,,,,5.0,S02
33340,,,,,,,,,,5.0,S02
33360,,,,,,,,,,5.0,S02
33380,,,,,,,,,,5.0,S02
33400,,,,,,,,,,5.0,S02
33420,,,,,,,,,,5.0,S02
33440,,,,,,,,,,5.0,S02
33460,,,,,,,,,,5.0,S02
33480,,,,,,,,,,5.0,S02
33500,,,,,,,,,,5.0,S02
33520,,,,,,,,,,5.0,S02
33540,,,,,,,,,,5.0,S02
33560,,,,,,,,,,5.0,S02
33580,,,,,,,,,,5.0,S02
33600,,,,,,,,,,5.0,S02
33620,,,,,,,,,,5.0,S02
33640,,,,,,,,,,5.0,S02
33660,,,,,,,,,,5.0,S02
33680,,,,,,,,,,5.0,S02
33700,,,,,,,,,,5.0,S02
33720,,,,,,,,,,5.0,S02
33740,,,,,,,,,,5.0,S02
33760,,,,,,,,,,5.0,S02
33780,,,,,,,,,,5.0,S02
33800,,,,,,,,,,5.0,S02
33820,,,,,,,,,,5.0,S02
33840,,,,,,,,,,5.0,S02
33860,,,,,,,,,,5.0,S02
33880,,,,,,,,,,5.0,S02
33900,,,,,,,,,,5.0,S02
33920,,,,,,,,,,5.0,S02
33940,,,,,,,,,,5.0,S02
33960,,,,,,,,,,5.0,S02
33980,,,,,,,,,,5.0,S02
34000,,,,,,,,,,5.0,S02
34020,,,,,,,,,,5.0,S02
34040,,,,,,,,,,5.0,S02
34060,,,,,,,,,,5.0,S02
34080,,,,,,,,,,5.0,S02
34100,,,,,,,,,,5.0,S02
34120,,,,,,,,,,5.0,S02
34140,,,,,,,,,,5.0,S02
34160,,,,,,,,,,5.0,S02
34180,,,,,,,,,,5.0,S02
34200,,,,,,,,,,5.0,S02
34220,,,,,,,,,,5.0,S02
34240,,,,,,,,,,5.0,S02
34260,,,,,,,,,,5.0,S02
34280,,,,,,,,,,5.0,S02
34300,,,,,,,,,,5.0,S02
34320,,,,,,,,,,5.0,S02
34340,,,,,,,,,,5.0,S02
34360,,,,,,,,,,5.0,S02
34380,,,,,,,,,,5.0,S02
34400,,,,,,,,,,5.0,S02
34420,,,,,,,,,,5.0,S02
34440,,,,,,,,,,5.0,S02
34460,,,,,,,,,,5.0,S02
34480,,,,,,,,,,5.0,S02
34500,,,,,,,,,,5.0,S02
34520,,,,,,,,,,5.0,S02
34540,,,,,,,,,,5.0,S02
34560,,,,,,,,,,5.0,S02
34580,,,,,,,,,,5.0,S02
34600,,,,,,,,,,5.0,S02
34620,,,,,,,,,,5.0,S02
34640,,,,,,,,,,5.0,S02
34660,,,,,,,,,,5.0,S02
34680,,,,,,,,,,5.0,S02
34700,,,,,,,,,,5.0,S02
34720,,,,,,,,,,5.0,S02
34740,,,,,,,,,,5.0,S02
34760,,,,,,,,,,5.0,S02
34780,,,,,,,,,,5.0,S02
34800,,,,,,,,,,5.0,S02
34820,,,,,,,,,,5.0,S02
34840,,,,,,,,,,5.0,S02
34860,,,,,,,,,,5.0,S02
34880,,,,,,,,,,5.0,S02
34900,,,,,,,,,,5.0,S02
34920,,,,,,,,,,5.0,S02
34940,,,,,,,,,,5.0,S02
34960,,,,,,,,,,5.0,S02
34980,,,,,,,,,,5.0,S02
35000,,,,,,,,,,5.0,S02
35020,,,,,,,,,,5.0,S02
35040,,,,,,,,,,5.0,S02
35060,,,,,,,,,,5.0,S02
35080,,,,,,,,,,5.0,S02
35100,,,,,,,,,,5.0,S02
35120,,,,,,,,,,5.0,S02
35140,,,,,,,,,,5.0,S02
35160,,,,,,,,,,5.0,S02
35180,,,,,,,,,,5.0,S02
35200,,,,,,,,,,5.0,S02
35220,,,,,,,,,,5.0,S02
35240,,,,,,,,,,5.0,S02
35260,,,,,,,,,,5.0,S02
35280,,,,,,,,,,5.0,S02
35300,,,,,,,,,,5.0,S02
35320,,,,,,,,,,5.0,S02
35340,,,,,,,,,,5.0,S02
35360,,,,,,,,,,5.0,S02
35380,,,,,,,,,,5.0,S02
35400,,,,,,,,,,5.0,S02
35420,,,,,,,,,,5.0,S02
35440,,,,,,,,,,5.0,S02
35460,,,,,,,,,,5.0,S02
35480,,,,,,,,,,5.0,S02
35500,,,,,,,,,,5.0,S02
35520,,,,,,,,,,5.0,S02
35540,,,,,,,,,,5.0,S02
35560,,,,,,,,,,5.0,S02
35580,,,,,,,,,,5.0,S02
35600,,,,,,,,,,5.0,S02
35620,,,,,,,,,,5.0,S02
35640,,,,,,,,,,5.0,S02
35660,,,,,,,,,,5.0,S02
35680,,,,,,,,,,5.0,S02
35700,,,,,,,,,,5.0,S02
35720,,,,,,,,,,5.0,S02
35740,,,,,,,,,,5.0,S02
35760,,,,,,,,,,5.0,S02
35780,,,,,,,,,,5.0,S02
35800,,,,,,,,,,5.0,S02
35820,,,,,,,,,,5.0,S02
35840,,,,,,,,,,5.0,S02
35860,,,,,,,,,,5.0,S02
35880,,,,,,,,,,5.0,S02
35900,,,,,,,,,,5.0,S02
35920,,,,,,,,,,5.0,S02
35940,,,,,,,,,,5.0,S02
35960,,,,,,,,,,5.0,S02
35980,,,,,,,,,,5.0,S02
36000,,,,,,,,,,5.0,S02
36020,,,,,,,,,,5.0,S02
36040,,,,,,,,,,5.0,S02
36060,,,,,,,,,,5.0,S02
36080,,,,,,,,,,5.0,S02
36100,,,,,,,,,,5.0,S02
36120,,,,,,,,,,5.0,S02
36140,,,,,,,,,,5.0,S02
36160,,,,,,,,,,5.0,S02
36180,,,,,,,,,,5.0,S02
36200,,,,,,,,,,5.0,S02
36220,,,,,,,,,,5.0,S02
36240,,,,,,,,,,5.0,S02
36260,,,,,,,,,,5.0,S02
36280,,,,,,,,,,5.0,S02
36300,,,,,,,,,,5.0,S02
36320,,,,,,,,,,5.0,S02
36340,,,,,,,,,,5.0,S02
36360,,,,,,,,,,5.0,S02
36380,,,,,,,,,,5.0,S02
36400,,,,,,,,,,5.0,S02
36420,,,,,,,,,,5.0,S02
36440,,,,,,,,,,5.0,S02
36460,,,,,,,,,,5.0,S02
36480,,,,,,,,,,5.0,S02
36500,,,,,,,,,,5.0,S02
36520,,,,,,,,,,5.0,S02
36540,,,,,,,,,,5.0,S02
36560,,,,,,,,,,5.0,S02
36580,,,,,,,,,,5.0,S02
36600,,,,,,,,,,5.0,S02
36620,,,,,,,,,,5.0,S02
36640,,,,,,,,,,5.0,S02
36660,,,,,,,,,,5.0,S02
36680,,,,,,,,,,5.0,S02
36700,,,,,,,,,,5.0,S02
36720,,,,,,,,,,5.0,S02
36740,,,,,,,,,,5.0,S02
36760,,,,,,,,,,5.0,S02
36780,,,,,,,,,,5.0,S02
36800,,,,,,,,,,5.0,S02
36820,,,,,,,,,,5.0,S02
36840,,,,,,,,,,5.0,S02
36860,,,,,,,,,,5.0,S02
36880,,,,,,,,,,5.0,S02
36900,,,,,,,,,,5.0,S02
36920,,,,,,,,,,5.0,S02
36940,,,,,,,,,,5.0,S02
36960,,,,,,,,,,5.0,S02
36980,,,,,,,,,,5.0,S02
37000,,,,,,,,,,5.0,S02
37020,,,,,,,,,,5.0,S02
37040,,,,,,,,,,5.0,S02
37060,,,,,,,,,,5.0,S02
37080,,,,,,,,,,5.0,S02
37100,,,,,,,,,,5.0,S02
37120,,,,,,,,,,5.0,S02
37140,,,,,,,,,,5.0,S02
37160,,,,,,,,,,5.0,S02
37180,,,,,,,,,,5.0,S02
37200,,,,,,,,,,5.0,S02
37220,,,,,,,,,,5.0,S02
37240,,,,,,,,,,5.0,S02
37260,,,,,,,,,,5.0,S02
37280,,,,,,,,,,5.0,S02
37300,,,,,,,,,,5.0,S02
37320,,,,,,,,,,5.0,S02
37340,,,,,,,,,,5.0,S02
37360,,,,,,,,,,5.0,S02
37380,,,,,,,,,,5.0,S02
37400,,,,,,,,,,5.0,S02
37420,,,,,,,,,,5.0,S02
37440,,,,,,,,,,5.0,S02
37460,,,,,,,,,,5.0,S02
37480,,,,,,,,,,5.0,S02
37500,,,,,,,,,,5.0,S02
37520,,,,,,,,,,5.0,S02
37540,,,,,,,,,,5.0,S02
37560,,,,,,,,,,5.0,S02
37580,,,,,,,,,,5.0,S02
37600,,,,,,,,,,5.0,S02
37620,,,,,,,,,,5.0,S02
37640,,,,,,,,,,5.0,S02
37660,,,,,,,,,,5.0,S02
37680,,,,,,,,,,5.0,S02
37700,,,,,,,,,,5.0,S02
37720,,,,,,,,,,5.0,S02
37740,,,,,,,,,,5.0,S02
37760,,,,,,,,,,5.0,S02
37780,,,,,,,,,,5.0,S02
37800,,,,,,,,,,5.0,S02
37820,,,,,,,,,,5.0,S02
37840,,,,,,,,,,5.0,S02
37860,,,,,,,,,,5.0,S02
37880,,,,,,,,,,5.0,S02
37900,,,,,,,,,,5.0,S02
37920,,,,,,,,,,5.0,S02
37940,,,,,,,,,,5.0,S02
37960,,,,,,,,,,5.0,S02
37980,,,,,,,,,,5.0,S02
38000,,,,,,,,,,5.0,S02
38020,,,,,,,,,,5.0,S02
38040,,,,,,,,,,5.0,S02
38060,,,,,,,,,,5.0,S02
38080,,,,,,,,,,5.0,S02
38100,,,,,,,,,,5.0,S02
38120,,,,,,,,,,5.0,S02
38140,,,,,,,,,,5.0,S02
38160,,,,,,,,,,5.0,S02
38180,,,,,,,,,,5.0,S02
38200,,,,,,,,,,5.0,S02
38220,,,,,,,,,,5.0,S02
38240,,,,,,,,,,5.0,S02
38260,,,,,,,,,,5.0,S02
38280,,,,,,,,,,5.0,S02
38300,,,,,,,,,,5.0,S02
38320,,,,,,,,,,5.0,S02
38340,,,,,,,,,,5.0,S02
38360,,,,,,,,,,5.0,S02
38380,,,,,,,,,,5.0,S02
38400,,,,,,,,,,5.0,S02
38420,,,,,,,,,,5.0,S02
38440,,,,,,,,,,5.0,S02
38460,,,,,,,,,,5.0,S02
38480,,,,,,,,,,5.0,S02
38500,,,,,,,,,,5.0,S02
38520,,,,,,,,,,5.0,S02
38540,,,,,,,,,,5.0,S02
38560,,,,,,,,,,5.0,S02
38580,,,,,,,,,,5.0,S02
38600,,,,,,,,,,5.0,S02
38620,,,,,,,,,,5.0,S02
38640,,,,,,,,,,5.0,S02
38660,,,,,,,,,,5.0,S02
38680,,,,,,,,,,5.0,S02
38700,,,,,,,,,,5.0,S02
38720,,,,,,,,,,5.0,S02
38740,,,,,,,,,,5.0,S02
38760,,,,,,,,,,5.0,S02
38780,,,,,,,,,,5.0,S02
38800,,,,,,,,,,5.0,S02
38820,,,,,,,,,,5.0,S02
38840,,,,,,,,,,5.0,S02
38860,,,,,,,,,,5.0,S02
38880,,,,,,,,,,5.0,S02
38900,,,,,,,,,,5.0,S02
38920,,,,,,,,,,5.0,S02
38940,,,,,,,,,,5.0,S02
38960,,,,,,,,,,5.0,S02
38980,,,,,,,,,,5.0,S02
39000,,,,,,,,,,5.0,S02
39020,,,,,,,,,,5.0,S02
39040,,,,,,,,,,5.0,S02
39060,,,,,,,,,,5.0,S02
39080,,,,,,,,,,5.0,S02
39100,,,,,,,,,,5.0,S02
39120,,,,,,,,,,5.0,S02
39140,,,,,,,,,,5.0,S02
39160,,,,,,,,,,5.0,S02
39180,,,,,,,,,,5.0,S02
39200,,,,,,,,,,5.0,S02
39220,,,,,,,,,,5.0,S02
39240,,,,,,,,,,5.0,S02
39260,,,,,,,,,,5.0,S02
39280,,,,,,,,,,5.0,S02
39300,,,,,,,,,,5.0,S02
39320,,,,,,,,,,5.0,S02
39340,,,,,,,,,,5.0,S02
39360,,,,,,,,,,5.0,S02
39380,,,,,,,,,,5.0,S02
39400,,,,,,,,,,5.0,S02
39420,,,,,,,,,,5.0,S02
39440,,,,,,,,,,5.0,S02
39460,,,,,,,,,,5.0,S02
39480,,,,,,,,,,5.0,S02
39500,,,,,,,,,,5.0,S02
39520,,,,,,,,,,5.0,S02
39540,,,,,,,,,,5.0,S02
39560,,,,,,,,,,5.0,S02
39580,,,,,,,,,,5.0,S02
39600,,,,,,,,,,5.0,S02
39620,,,,,,,,,,5.0,S02
39640,,,,,,,,,,5.0,S02
39660,,,,,,,,,,5.0,S02
39680,,,,,,,,,,5.0,S02
39700,,,,,,,,,,5.0,S02
39720,,,,,,,,,,5.0,S02
39740,,,,,,,,,,5.0,S02
39760,,,,,,,,,,5.0,S02
39780,,,,,,,,,,5.0,S02
39800,,,,,,,,,,5.0,S02
39820,,,,,,,,,,5.0,S02
39840,,,,,,,,,,5.0,S02
39860,,,,,,,,,,5.0,S02
39880,,,,,,,,,,5.0,S02
39900,,,,,,,,,,5.0,S02
39920,,,,,,,,,,5.0,S02
39940,,,,,,,,,,5.0,S02
39960,,,,,,,,,,5.0,S02
39980,,,,,,,,,,5.0,S02
40000,,,,,,,,,,5.0,S02
40020,,,,,,,,,,5.0,S02
40040,,,,,,,,,,5.0,S02
40060,,,,,,,,,,5.0,S02
40080,,,,,,,,,,5.0,S02
40100,,,,,,,,,,5.0,S02
40120,,,,,,,,,,5.0,S02
40140,,,,,,,,,,5.0,S02
40160,,,,,,,,,,5.0,S02
40180,,,,,,,,,,5.0,S02
40200,,,,,,,,,,5.0,S02
40220,,,,,,,,,,5.0,S02
40240,,,,,,,,,,5.0,S02
40260,,,,,,,,,,5.0,S02
40280,,,,,,,,,,5.0,S02
40300,,,,,,,,,,5.0,S02
40320,,,,,,,,,,5.0,S02
40340,,,,,,,,,,5.0,S02
40360,,,,,,,,,,5.0,S02
40380,,,,,,,,,,5.0,S02
40400,,,,,,,,,,5.0,S02
40420,,,,,,,,,,5.0,S02
40440,,,,,,,,,,5.0,S02
40460,,,,,,,,,,5.0,S02
40480,,,,,,,,,,5.0,S02
40500,,,,,,,,,,5.0,S02
40520,,,,,,,,,,5.0,S02
40540,,,,,,,,,,5.0,S02
40560,,,,,,,,,,5.0,S02
40580,,,,,,,,,,5.0,S02
40600,,,,,,,,,,5.0,S02
40620,,,,,,,,,,5.0,S02
40640,,,,,,,,,,5.0,S02
40660,,,,,,,,,,5.0,S02
40680,,,,,,,,,,5.0,S02
40700,,,,,,,,,,5.0,S02
40720,,,,,,,,,,5.0,S02
40740,,,,,,,,,,5.0,S02
40760,,,,,,,,,,5.0,S02
40780,,,,,,,,,,5.0,S02
40800,,,,,,,,,,5.0,S02
40820,,,,,,,,,,5.0,S02
40840,,,,,,,,,,5.0,S02
40860,,,,,,,,,,5.0,S02
40880,,,,,,,,,,5.0,S02
40900,,,,,,,,,,5.0,S02
40920,,,,,,,,,,5.0,S02
40940,,,,,,,,,,5.0,S02
40960,,,,,,,,,,5.0,S02
40980,,,,,,,,,,5.0,S02
41000,,,,,,,,,,5.0,S02
41020,,,,,,,,,,5.0,S02
41040,,,,,,,,,,5.0,S02
41060,,,,,,,,,,5.0,S02
41080,,,,,,,,,,5.0,S02
41100,,,,,,,,,,5.0,S02
41120,,,,,,,,,,5.0,S02
41140,,,,,,,,,,5.0,S02
41160,,,,,,,,,,5.0,S02
41180,,,,,,,,,,5.0,S02
41200,,,,,,,,,,5.0,S02
41220,,,,,,,,,,5.0,S02
41240,,,,,,,,,,5.0,S02
41260,,,,,,,,,,5.0,S02
41280,,,,,,,,,,5.0,S02
41300,,,,,,,,,,5.0,S02
41320,,,,,,,,,,5.0,S02
41340,,,,,,,,,,5.0,S02
41360,,,,,,,,,,5.0,S02
41380,,,,,,,,,,5.0,S02
41400,,,,,,,,,,5.0,S02
41420,,,,,,,,,,5.0,S02
41440,,,,,,,,,,5.0,S02
41460,,,,,,,,,,5.0,S02
41480,,,,,,,,,,5.0,S02
41500,,,,,,,,,,5.0,S02
41520,,,,,,,,,,5.0,S02
41540,,,,,,,,,,5.0,S02
41560,,,,,,,,,,5.0,S02
41580,,,,,,,,,,5.0,S02
41600,,,,,,,,,,5.0,S02
41620,,,,,,,,,,5.0,S02
41640,,,,,,,,,,5.0,S02
41660,,,,,,,,,,5.0,S02
41680,,,,,,,,,,5.0,S02
41700,,,,,,,,,,5.0,S02
41720,,,,,,,,,,5.0,S02
41740,,,,,,,,,,5.0,S02
41760,,,,,,,,,,5.0,S02
41780,,,,,,,,,,5.0,S02
41800,,,,,,,,,,5.0,S02
41820,,,,,,,,,,5.0,S02
41840,,,,,,,,,,5.0,S02
41860,,,,,,,,,,5.0,S02
41880,,,,,,,,,,5.0,S02
41900,,,,,,,,,,5.0,S02
41920,,,,,,,,,,5.0,S02
41940,,,,,,,,,,5.0,S02
41960,,,,,,,,,,5.0,S02
41980,,,,,,,,,,5.0,S02
42000,,,,,,,,,,5.0,S02
42020,,,,,,,,,,5.0,S02
42040,,,,,,,,,,5.0,S02
42060,,,,,,,,,,5.0,S02
42080,,,,,,,,,,5.0,S02
42100,,,,,,,,,,5.0,S02
42120,,,,,,,,,,5.0,S02
42140,,,,,,,,,,5.0,S02
42160,,,,,,,,,,5.0,S02
42180,,,,,,,,,,5.0,S02
42200,,,,,,,,,,5.0,S02
42220,,,,,,,,,,5.0,S02
42240,,,,,,,,,,5.0,S02
42260,,,,,,,,,,5.0,S02
42280,,,,,,,,,,5.0,S02
42300,,,,,,,,,,5.0,S02
42320,,,,,,,,,,5.0,S02
42340,,,,,,,,,,5.0,S02
42360,,,,,,,,,,5.0,S02
42380,,,,,,,,,,5.0,S02
42400,,,,,,,,,,5.0,S02
42420,,,,,,,,,,5.0,S02
42440,,,,,,,,,,5.0,S02
42460,,,,,,,,,,5.0,S02
42480,,,,,,,,,,5.0,S02
42500,,,,,,,,,,5.0,S02
42520,,,,,,,,,,5.0,S02
42540,,,,,,,,,,5.0,S02
42560,,,,,,,,,,5.0,S02
42580,,,,,,,,,,5.0,S02
42600,,,,,,,,,,5.0,S02
42620,,,,,,,,,,5.0,S02
42640,,,,,,,,,,5.0,S02
42660,,,,,,,,,,5.0,S02
42680,,,,,,,,,,5.0,S02
42700,,,,,,,,,,5.0,S02
42720,,,,,,,,,,5.0,S02
42740,,,,,,,,,,5.0,S02
42760,,,,,,,,,,5.0,S02
42780,,,,,,,,,,5.0,S02
42800,,,,,,,,,,5.0,S02
42820,,,,,,,,,,5.0,S02
42840,,,,,,,,,,5.0,S02
42860,,,,,,,,,,5.0,S02
42880,,,,,,,,,,5.0,S02
42900,,,,,,,,,,5.0,S02
42920,,,,,,,,,,5.0,S02
42940,,,,,,,,,,5.0,S02
42960,,,,,,,,,,5.0,S02
42980,,,,,,,,,,5.0,S02
43000,,,,,,,,,,5.0,S02
43020,,,,,,,,,,5.0,S02
43040,,,,,,,,,,5.0,S02
43060,,,,,,,,,,5.0,S02
43080,,,,,,,,,,5.0,S02
43100,,,,,,,,,,5.0,S02
43120,,,,,,,,,,5.0,S02
43140,,,,,,,,,,5.0,S02
43160,,,,,,,,,,5.0,S02
43180,,,,,,,,,,5.0,S02
43200,,,,,,,,,,5.0,S02
43220,,,,,,,,,,5.0,S02
43240,,,,,,,,,,5.0,S02
43260,,,,,,,,,,5.0,S02
43280,,,,,,,,,,5.0,S02
43300,,,,,,,,,,5.0,S02
43320,,,,,,,,,,5.0,S02
43340,,,,,,,,,,5.0,S02
43360,,,,,,,,,,5.0,S02
43380,,,,,,,,,,5.0,S02
43400,,,,,,,,,,5.0,S02
43420,,,,,,,,,,5.0,S02
43440,,,,,,,,,,5.0,S02
43460,,,,,,,,,,5.0,S02
43480,,,,,,,,,,5.0,S02
43500,,,,,,,,,,5.0,S02
43520,,,,,,,,,,5.0,S02
43540,,,,,,,,,,5.0,S02
43560,,,,,,,,,,5.0,S02
43580,,,,,,,,,,5.0,S02
43600,,,,,,,,,,5.0,S02
43620,,,,,,,,,,5.0,S02
43640,,,,,,,,,,5.0,S02
43660,,,,,,,,,,5.0,S02
43680,,,,,,,,,,5.0,S02
43700,,,,,,,,,,5.0,S02
43720,,,,,,,,,,5.0,S02
43740,,,,,,,,,,5.0,S02
43760,,,,,,,,,,5.0,S02
43780,,,,,,,,,,5.0,S02
43800,,,,,,,,,,5.0,S02
43820,,,,,,,,,,5.0,S02
43840,,,,,,,,,,5.0,S02
43860,,,,,,,,,,5.0,S02
43880,,,,,,,,,,5.0,S02
43900,,,,,,,,,,5.0,S02
43920,,,,,,,,,,5.0,S02
43940,,,,,,,,,,5.0,S02
43960,,,,,,,,,,5.0,S02
43980,,,,,,,,,,5.0,S02
44000,,,,,,,,,,5.0,S02
44020,,,,,,,,,,5.0,S02
44040,,,,,,,,,,5.0,S02
44060,,,,,,,,,,5.0,S02
44080,,,,,,,,,,5.0,S02
44100,,,,,,,,,,5.0,S02
44120,,,,,,,,,,5.0,S02
44140,,,,,,,,,,5.0,S02
44160,,,,,,,,,,5.0,S02
44180,,,,,,,,,,5.0,S02
44200,,,,,,,,,,5.0,S02
44220,,,,,,,,,,5.0,S02
44240,,,,,,,,,,5.0,S02
44260,,,,,,,,,,5.0,S02
44280,,,,,,,,,,5.0,S02
44300,,,,,,,,,,5.0,S02
44320,,,,,,,,,,5.0,S02
44340,,,,,,,,,,5.0,S02
44360,,,,,,,,,,5.0,S02
44380,,,,,,,,,,5.0,S02
44400,,,,,,,,,,5.0,S02
44420,,,,,,,,,,5.0,S02
44440,,,,,,,,,,5.0,S02
44460,,,,,,,,,,5.0,S02
44480,,,,,,,,,,5.0,S02
44500,,,,,,,,,,5.0,S02
44520,,,,,,,,,,5.0,S02
44540,,,,,,,,,,5.0,S02
44560,,,,,,,,,,5.0,S02
44580,,,,,,,,,,5.0,S02
44600,,,,,,,,,,5.0,S02
44620,,,,,,,,,,5.0,S02
44640,,,,,,,,,,5.0,S02
44660,,,,,,,,,,5.0,S02
44680,,,,,,,,,,5.0,S02
44700,,,,,,,,,,5.0,S02
44720,,,,,,,,,,5.0,S02
44740,,,,,,,,,,5.0,S02
44760,,,,,,,,,,5.0,S02
44780,,,,,,,,,,5.0,S02
44800,,,,,,,,,,5.0,S02
44820,,,,,,,,,,5.0,S02
44840,,,,,,,,,,5.0,S02
44860,,,,,,,,,,5.0,S02
44880,,,,,,,,,,5.0,S02
44900,,,,,,,,,,5.0,S02
44920,,,,,,,,,,5.0,S02
44940,,,,,,,,,,5.0,S02
44960,,,,,,,,,,5.0,S02
44980,,,,,,,,,,5.0,S02
45000,,,,,,,,,,5.0,S02
45020,,,,,,,,,,5.0,S02
45040,,,,,,,,,,5.0,S02
45060,,,,,,,,,,5.0,S02
45080,,,,,,,,,,5.0,S02
45100,,,,,,,,,,5.0,S02
45120,,,,,,,,,,5.0,S02
45140,,,,,,,,,,5.0,S02
45160,,,,,,,,,,5.0,S02
45180,,,,,,,,,,5.0,S02
45200,,,,,,,,,,5.0,S02
45220,,,,,,,,,,5.0,S02
45240,,,,,,,,,,5.0,S02
45260,,,,,,,,,,5.0,S02
45280,,,,,,,,,,5.0,S02
45300,,,,,,,,,,5.0,S02
45320,,,,,,,,,,5.0,S02
45340,,,,,,,,,,5.0,S02
45360,,,,,,,,,,5.0,S02
45380,,,,,,,,,,5.0,S02
45400,,,,,,,,,,5.0,S02
45420,,,,,,,,,,5.0,S02
45440,,,,,,,,,,5.0,S02
45460,,,,,,,,,,5.0,S02
45480,,,,,,,,,,5.0,S02
45500,,,,,,,,,,5.0,S02
45520,,,,,,,,,,5.0,S02
45540,,,,,,,,,,5.0,S02
45560,,,,,,,,,,5.0,S02
45580,,,,,,,,,,5.0,S02
45600,,,,,,,,,,5.0,S02
45620,,,,,,,,,,5.0,S02
45640,,,,,,,,,,5.0,S02
45660,,,,,,,,,,5.0,S02
45680,,,,,,,,,,5.0,S02
45700,,,,,,,,,,5.0,S02
45720,,,,,,,,,,5.0,S02
45740,,,,,,,,,,5.0,S02
45760,,,,,,,,,,5.0,S02
45780,,,,,,,,,,5.0,S02
45800,,,,,,,,,,5.0,S02
45820,,,,,,,,,,5.0,S02
45840,,,,,,,,,,5.0,S02
45860,,,,,,,,,,5.0,S02
45880,,,,,,,,,,5.0,S02
45900,,,,,,,,,,5.0,S02
45920,,,,,,,,,,5.0,S02
45940,,,,,,,,,,5.0,S02
45960,,,,,,,,,,5.0,S02
45980,,,,,,,,,,5.0,S02
46000,,,,,,,,,,5.0,S02
46020,,,,,,,,,,5.0,S02
46040,,,,,,,,,,5.0,S02
46060,,,,,,,,,,5.0,S02
46080,,,,,,,,,,5.0,S02
46100,,,,,,,,,,5.0,S02
46120,,,,,,,,,,5.0,S02
46140,,,,,,,,,,5.0,S02
46160,,,,,,,,,,5.0,S02
46180,,,,,,,,,,5.0,S02
46200,,,,,,,,,,5.0,S02
46220,,,,,,,,,,5.0,S02
46240,,,,,,,,,,5.0,S02
46260,,,,,,,,,,5.0,S02
46280,,,,,,,,,,5.0,S02
46300,,,,,,,,,,5.0,S02
46320,,,,,,,,,,5.0,S02
46340,,,,,,,,,,5.0,S02
46360,,,,,,,,,,5.0,S02
46380,,,,,,,,,,5.0,S02
46400,,,,,,,,,,5.0,S02
46420,,,,,,,,,,5.0,S02
46440,,,,,,,,,,5.0,S02
46460,,,,,,,,,,5.0,S02
46480,,,,,,,,,,5.0,S02
46500,,,,,,,,,,5.0,S02
46520,,,,,,,,,,5.0,S02
46540,,,,,,,,,,5.0,S02
46560,,,,,,,,,,5.0,S02
46580,,,,,,,,,,5.0,S02
46600,,,,,,,,,,5.0,S02
46620,,,,,,,,,,5.0,S02
46640,,,,,,,,,,5.0,S02
46660,,,,,,,,,,5.0,S02
46680,,,,,,,,,,5.0,S02
46700,,,,,,,,,,5.0,S02
46720,,,,,,,,,,5.0,S02
46740,,,,,,,,,,5.0,S02
46760,,,,,,,,,,5.0,S02
46780,,,,,,,,,,5.0,S02
46800,,,,,,,,,,5.0,S02
46820,,,,,,,,,,5.0,S02
46840,,,,,,,,,,5.0,S02
46860,,,,,,,,,,5.0,S02
46880,,,,,,,,,,5.0,S02
46900,,,,,,,,,,5.0,S02
46920,,,,,,,,,,5.0,S02
46940,,,,,,,,,,5.0,S02
46960,,,,,,,,,,5.0,S02
46980,,,,,,,,,,5.0,S02
47000,,,,,,,,,,5.0,S02
47020,,,,,,,,,,5.0,S02
47040,,,,,,,,,,5.0,S02
47060,,,,,,,,,,5.0,S02
47080,,,,,,,,,,5.0,S02
47100,,,,,,,,,,5.0,S02
47120,,,,,,,,,,5.0,S02
47140,,,,,,,,,,5.0,S02
47160,,,,,,,,,,5.0,S02
47180,,,,,,,,,,5.0,S02
47200,,,,,,,,,,5.0,S02
47220,,,,,,,,,,5.0,S02
47240,,,,,,,,,,5.0,S02
47260,,,,,,,,,,5.0,S02
47280,,,,,,,,,,5.0,S02
47300,,,,,,,,,,5.0,S02
47320,,,,,,,,,,5.0,S02
47340,,,,,,,,,,5.0,S02
47360,,,,,,,,,,5.0,S02
47380,,,,,,,,,,5.0,S02
47400,,,,,,,,,,5.0,S02
47420,,,,,,,,,,5.0,S02
47440,,,,,,,,,,5.0,S02
47460,,,,,,,,,,5.0,S02
47480,,,,,,,,,,5.0,S02
47500,,,,,,,,,,5.0,S02
47520,,,,,,,,,,5.0,S02
47540,,,,,,,,,,5.0,S02
47560,,,,,,,,,,5.0,S02
47580,,,,,,,,,,5.0,S02
47600,,,,,,,,,,5.0,S02
47620,,,,,,,,,,5.0,S02
47640,,,,,,,,,,5.0,S02
47660,,,,,,,,,,5.0,S02
47680,,,,,,,,,,5.0,S02
47700,,,,,,,,,,5.0,S02
47720,,,,,,,,,,5.0,S02
47740,,,,,,,,,,5.0,S02
47760,,,,,,,,,,5.0,S02
47780,,,,,,,,,,5.0,S02
47800,,,,,,,,,,5.0,S02
47820,,,,,,,,,,5.0,S02
47840,,,,,,,,,,5.0,S02
47860,,,,,,,,,,5.0,S02
47880,,,,,,,,,,5.0,S02
47900,,,,,,,,,,5.0,S02
47920,,,,,,,,,,5.0,S02
47940,,,,,,,,,,5.0,S02
47960,,,,,,,,,,5.0,S02
47980,,,,,,,,,,5.0,S02
48000,,,,,,,,,,5.0,S02
48020,,,,,,,,,,5.0,S02
48040,,,,,,,,,,5.0,S02
48060,,,,,,,,,,5.0,S02
48080,,,,,,,,,,5.0,S02
48100,,,,,,,,,,5.0,S02
48120,,,,,,,,,,5.0,S02
48140,,,,,,,,,,5.0,S02
48160,,,,,,,,,,5.0,S02
48180,,,,,,,,,,5.0,S02
48200,,,,,,,,,,5.0,S02
48220,,,,,,,,,,5.0,S02
48240,,,,,,,,,,5.0,S02
48260,,,,,,,,,,5.0,S02
48280,,,,,,,,,,5.0,S02
48300,,,,,,,,,,5.0,S02
48320,,,,,,,,,,5.0,S02
48340,,,,,,,,,,5.0,S02
48360,,,,,,,,,,5.0,S02
48380,,,,,,,,,,5.0,S02
48400,,,,,,,,,,5.0,S02
48420,,,,,,,,,,5.0,S02
48440,,,,,,,,,,5.0,S02
48460,,,,,,,,,,5.0,S02
48480,,,,,,,,,,5.0,S02
48500,,,,,,,,,,5.0,S02
48520,,,,,,,,,,5.0,S02
48540,,,,,,,,,,5.0,S02
48560,,,,,,,,,,5.0,S02
48580,,,,,,,,,,5.0,S02
48600,,,,,,,,,,5.0,S02
48620,,,,,,,,,,5.0,S02
48640,,,,,,,,,,5.0,S02
48660,,,,,,,,,,5.0,S02
48680,,,,,,,,,,5.0,S02
48700,,,,,,,,,,5.0,S02
48720,,,,,,,,,,5.0,S02
48740,,,,,,,,,,5.0,S02
48760,,,,,,,,,,5.0,S02
48780,,,,,,,,,,5.0,S02
48800,,,,,,,,,,5.0,S02
48820,,,,,,,,,,5.0,S02
48840,,,,,,,,,,5.0,S02
48860,,,,,,,,,,5.0,S02
48880,,,,,,,,,,5.0,S02
48900,,,,,,,,,,5.0,S02
48920,,,,,,,,,,5.0,S02
48940,,,,,,,,,,5.0,S02
48960,,,,,,,,,,5.0,S02
48980,,,,,,,,,,5.0,S02
49000,,,,,,,,,,5.0,S02
49020,,,,,,,,,,5.0,S02
49040,,,,,,,,,,5.0,S02
49060,,,,,,,,,,5.0,S02
49080,,,,,,,,,,5.0,S02
49100,,,,,,,,,,5.0,S02
49120,,,,,,,,,,5.0,S02
49140,,,,,,,,,,5.0,S02
49160,,,,,,,,,,5.0,S02
49180,,,,,,,,,,5.0,S02
49200,,,,,,,,,,5.0,S02
49220,,,,,,,,,,5.0,S02
49240,,,,,,,,,,5.0,S02
49260,,,,,,,,,,5.0,S02
49280,,,,,,,,,,5.0,S02
49300,,,,,,,,,,5.0,S02
49320,,,,,,,,,,5.0,S02
49340,,,,,,,,,,5.0,S02
49360,,,,,,,,,,5.0,S02
49380,,,,,,,,,,5.0,S02
49400,,,,,,,,,,5.0,S02
49420,,,,,,,,,,5.0,S02
49440,,,,,,,,,,5.0,S02
49460,,,,,,,,,,5.0,S02
49480,,,,,,,,,,5.0,S02
49500,,,,,,,,,,5.0,S02
49520,,,,,,,,,,5.0,S02
49540,,,,,,,,,,5.0,S02
49560,,,,,,,,,,5.0,S02
49580,,,,,,,,,,5.0,S02
49600,,,,,,,,,,5.0,S02
49620,,,,,,,,,,5.0,S02
49640,,,,,,,,,,5.0,S02
49660,,,,,,,,,,5.0,S02
49680,,,,,,,,,,5.0,S02
49700,,,,,,,,,,5.0,S02
49720,,,,,,,,,,5.0,S02
49740,,,,,,,,,,5.0,S02
49760,,,,,,,,,,5.0,S02
49780,,,,,,,,,,5.0,S02
49800,,,,,,,,,,5.0,S02
49820,,,,,,,,,,5.0,S02
49840,,,,,,,,,,5.0,S02
49860,,,,,,,,,,5.0,S02
49880,,,,,,,,,,5.0,S02
49900,,,,,,,,,,5.0,S02
49920,,,,,,,,,,5.0,S02
49940,,,,,,,,,,5.0,S02
49960,,,,,,,,,,5.0,S02
49980,,,,,,,,,,5.0,S02
50000,,,,,,,,,,5.0,S02
50020,,,,,,,,,,5.0,S02
50040,,,,,,,,,,5.0,S02
50060,,,,,,,,,,5.0,S02
50080,,,,,,,,,,5.0,S02
50100,,,,,,,,,,5.0,S02
50120,,,,,,,,,,5.0,S02
50140,,,,,,,,,,5.0,S02
50160,,,,,,,,,,5.0,S02
50180,,,,,,,,,,5.0,S02
50200,,,,,,,,,,5.0,S02
50220,,,,,,,,,,5.0,S02
50240,,,,,,,,,,5.0,S02
50260,,,,,,,,,,5.0,S02
50280,,,,,,,,,,5.0,S02
50300,,,,,,,,,,5.0,S02
50320,,,,,,,,,,5.0,S02
50340,,,,,,,,,,5.0,S02
50360,,,,,,,,,,5.0,S02
50380,,,,,,,,,,5.0,S02
50400,,,,,,,,,,5.0,S02
50420,,,,,,,,,,5.0,S02
50440,,,,,,,,,,5.0,S02
50460,,,,,,,,,,5.0,S02
50480,,,,,,,,,,5.0,S02
50500,,,,,,,,,,5.0,S02
50520,,,,,,,,,,5.0,S02
50540,,,,,,,,,,5.0,S02
50560,,,,,,,,,,5.0,S02
50580,,,,,,,,,,5.0,S02
50600,,,,,,,,,,5.0,S02
50620,,,,,,,,,,5.0,S02
50640,,,,,,,,,,5.0,S02
50660,,,,,,,,,,5.0,S02
50680,,,,,,,,,,5.0,S02
50700,,,,,,,,,,5.0,S02
50720,,,,,,,,,,5.0,S02
50740,,,,,,,,,,5.0,S02
50760,,,,,,,,,,5.0,S02
50780,,,,,,,,,,5.0,S02
50800,,,,,,,,,,5.0,S02
50820,,,,,,,,,,5.0,S02
50840,,,,,,,,,,5.0,S02
50860,,,,,,,,,,5.0,S02
50880,,,,,,,,,,5.0,S02
50900,,,,,,,,,,5.0,S02
50920,,,,,,,,,,5.0,S02
50940,,,,,,,,,,5.0,S02
50960,,,,,,,,,,5.0,S02
50980,,,,,,,,,,5.0,S02
51000,,,,,,,,,,5.0,S02
51020,,,,,,,,,,5.0,S02
51040,,,,,,,,,,5.0,S02
51060,,,,,,,,,,5.0,S02
51080,,,,,,,,,,5.0,S02
51100,,,,,,,,,,5.0,S02
51120,,,,,,,,,,5.0,S02
51140,,,,,,,,,,5.0,S02
51160,,,,,,,,,,5.0,S02
51180,,,,,,,,,,5.0,S02
51200,,,,,,,,,,5.0,S02
51220,,,,,,,,,,5.0,S02
51240,,,,,,,,,,5.0,S02
51260,,,,,,,,,,5.0,S02
51280,,,,,,,,,,5.0,S02
51300,,,,,,,,,,5.0,S02
51320,,,,,,,,,,5.0,S02
51340,,,,,,,,,,5.0,S02
51360,,,,,,,,,,5.0,S02
51380,,,,,,,,,,5.0,S02
51400,,,,,,,,,,5.0,S02
51420,,,,,,,,,,5.0,S02
51440,,,,,,,,,,5.0,S02
51460,,,,,,,,,,5.0,S02
51480,,,,,,,,,,5.0,S02
51500,,,,,,,,,,5.0,S02
51520,,,,,,,,,,5.0,S02
51540,,,,,,,,,,5.0,S02
51560,,,,,,,,,,5.0,S02
51580,,,,,,,,,,5.0,S02
51600,,,,,,,,,,5.0,S02
51620,,,,,,,,,,5.0,S02
51640,,,,,,,,,,5.0,S02
51660,,,,,,,,,,5.0,S02
51680,,,,,,,,,,5.0,S02
51700,,,,,,,,,,5.0,S02
51720,,,,,,,,,,5.0,S02
51740,,,,,,,,,,5.0,S02
51760,,,,,,,,,,5.0,S02
51780,,,,,,,,,,5.0,S02
51800,,,,,,,,,,5.0,S02
51820,,,,,,,,,,5.0,S02
51840,,,,,,,,,,5.0,S02
51860,,,,,,,,,,5.0,S02
51880,,,,,,,,,,5.0,S02
51900,,,,,,,,,,5.0,S02
51920,,,,,,,,,,5.0,S02
51940,,,,,,,,,,5.0,S02
51960,,,,,,,,,,5.0,S02
51980,,,,,,,,,,5.0,S02
52000,,,,,,,,,,5.0,S02
52020,,,,,,,,,,5.0,S02
52040,,,,,,,,,,5.0,S02
52060,,,,,,,,,,5.0,S02
52080,,,,,,,,,,5.0,S02
52100,,,,,,,,,,5.0,S02
52120,,,,,,,,,,5.0,S02
52140,,,,,,,,,,5.0,S02
52160,,,,,,,,,,5.0,S02
52180,,,,,,,,,,5.0,S02
52200,,,,,,,,,,5.0,S02
52220,,,,,,,,,,5.0,S02
52240,,,,,,,,,,5.0,S02
52260,,,,,,,,,,5.0,S02
52280,,,,,,,,,,5.0,S02
52300,,,,,,,,,,5.0,S02
52320,,,,,,,,,,5.0,S02
52340,,,,,,,,,,5.0,S02
52360,,,,,,,,,,5.0,S02
52380,,,,,,,,,,5.0,S02
52400,,,,,,,,,,5.0,S02
52420,,,,,,,,,,5.0,S02
52440,,,,,,,,,,5.0,S02
52460,,,,,,,,,,5.0,S02
52480,,,,,,,,,,5.0,S02
52500,,,,,,,,,,5.0,S02
52520,,,,,,,,,,5.0,S02
52540,,,,,,,,,,5.0,S02
52560,,,,,,,,,,5.0,S02
52580,,,,,,,,,,5.0,S02
52600,,,,,,,,,,5.0,S02
52620,,,,,,,,,,5.0,S02
52640,,,,,,,,,,5.0,S02
52660,,,,,,,,,,5.0,S02
52680,,,,,,,,,,5.0,S02
52700,,,,,,,,,,5.0,S02
52720,,,,,,,,,,5.0,S02
52740,,,,,,,,,,5.0,S02
52760,,,,,,,,,,5.0,S02
52780,,,,,,,,,,5.0,S02
52800,,,,,,,,,,5.0,S02
52820,,,,,,,,,,5.0,S02
52840,,,,,,,,,,5.0,S02
52860,,,,,,,,,,5.0,S02
52880,,,,,,,,,,5.0,S02
52900,,,,,,,,,,5.0,S02
52920,,,,,,,,,,5.0,S02
52940,,,,,,,,,,5.0,S02
52960,,,,,,,,,,5.0,S02
52980,,,,,,,,,,5.0,S02
53000,,,,,,,,,,5.0,S02
53020,,,,,,,,,,5.0,S02
53040,,,,,,,,,,5.0,S02
53060,,,,,,,,,,5.0,S02
53080,,,,,,,,,,5.0,S02
53100,,,,,,,,,,5.0,S02
53120,,,,,,,,,,5.0,S02
53140,,,,,,,,,,5.0,S02
53160,,,,,,,,,,5.0,S02
53180,,,,,,,,,,5.0,S02
53200,,,,,,,,,,5.0,S02
53220,,,,,,,,,,5.0,S02
53240,,,,,,,,,,5.0,S02
53260,,,,,,,,,,5.0,S02
53280,,,,,,,,,,5.0,S02
53300,,,,,,,,,,5.0,S02
53320,,,,,,,,,,5.0,S02
53340,,,,,,,,,,5.0,S02
53360,,,,,,,,,,5.0,S02
53380,,,,,,,,,,5.0,S02
53400,,,,,,,,,,5.0,S02
53420,,,,,,,,,,5.0,S02
53440,,,,,,,,,,5.0,S02
53460,,,,,,,,,,5.0,S02
53480,,,,,,,,,,5.0,S02
53500,,,,,,,,,,5.0,S02
53520,,,,,,,,,,5.0,S02
53540,,,,,,,,,,5.0,S02
53560,,,,,,,,,,5.0,S02
53580,,,,,,,,,,5.0,S02
53600,,,,,,,,,,5.0,S02
53620,,,,,,,,,,5.0,S02
53640,,,,,,,,,,5.0,S02
53660,,,,,,,,,,5.0,S02
53680,,,,,,,,,,5.0,S02
53700,,,,,,,,,,5.0,S02
53720,,,,,,,,,,5.0,S02
53740,,,,,,,,,,5.0,S02
53760,,,,,,,,,,5.0,S02
53780,,,,,,,,,,5.0,S02
53800,,,,,,,,,,5.0,S02
53820,,,,,,,,,,5.0,S02
53840,,,,,,,,,,5.0,S02
53860,,,,,,,,,,5.0,S02
53880,,,,,,,,,,5.0,S02
53900,,,,,,,,,,5.0,S02
53920,,,,,,,,,,5.0,S02
53940,,,,,,,,,,5.0,S02
53960,,,,,,,,,,5.0,S02
53980,,,,,,,,,,5.0,S02
54000,,,,,,,,,,5.0,S02
54020,,,,,,,,,,5.0,S02
54040,,,,,,,,,,5.0,S02
54060,,,,,,,,,,5.0,S02
54080,,,,,,,,,,5.0,S02
54100,,,,,,,,,,5.0,S02
54120,,,,,,,,,,5.0,S02
54140,,,,,,,,,,5.0,S02
54160,,,,,,,,,,5.0,S02
54180,,,,,,,,,,5.0,S02
54200,,,,,,,,,,5.0,S02
54220,,,,,,,,,,5.0,S02
54240,,,,,,,,,,5.0,S02
54260,,,,,,,,,,5.0,S02
54280,,,,,,,,,,5.0,S02
54300,,,,,,,,,,5.0,S02
54320,,,,,,,,,,5.0,S02
54340,,,,,,,,,,5.0,S02
54360,,,,,,,,,,5.0,S02
54380,,,,,,,,,,5.0,S02
54400,,,,,,,,,,5.0,S02
54420,,,,,,,,,,5.0,S02
54440,,,,,,,,,,5.0,S02
54460,,,,,,,,,,5.0,S02
54480,,,,,,,,,,5.0,S02
54500,,,,,,,,,,5.0,S02
54520,,,,,,,,,,5.0,S02
54540,,,,,,,,,,5.0,S02
54560,,,,,,,,,,5.0,S02
54580,,,,,,,,,,5.0,S02
54600,,,,,,,,,,5.0,S02
54620,,,,,,,,,,5.0,S02
54640,,,,,,,,,,5.0,S02
54660,,,,,,,,,,5.0,S02
54680,,,,,,,,,,5.0,S02
54700,,,,,,,,,,5.0,S02
54720,,,,,,,,,,5.0,S02
54740,,,,,,,,,,5.0,S02
54760,,,,,,,,,,5.0,S02
54780,,,,,,,,,,5.0,S02
54800,,,,,,,,,,5.0,S02
54820,,,,,,,,,,5.0,S02
54840,,,,,,,,,,5.0,S02
54860,,,,,,,,,,5.0,S02
54880,,,,,,,,,,5.0,S02
54900,,,,,,,,,,5.0,S02
54920,,,,,,,,,,5.0,S02
54940,,,,,,,,,,5.0,S02
54960,,,,,,,,,,5.0,S02
54980,,,,,,,,,,5.0,S02
55000,,,,,,,,,,5.0,S02
55020,,,,,,,,,,5.0,S02
55040,,,,,,,,,,5.0,S02
55060,,,,,,,,,,5.0,S02
55080,,,,,,,,,,5.0,S02
55100,,,,,,,,,,5.0,S02
55120,,,,,,,,,,5.0,S02
55140,,,,,,,,,,5.0,S02
55160,,,,,,,,,,5.0,S02
55180,,,,,,,,,,5.0,S02
55200,,,,,,,,,,5.0,S02
55220,,,,,,,,,,5.0,S02
55240,,,,,,,,,,5.0,S02
55260,,,,,,,,,,5.0,S02
55280,,,,,,,,,,5.0,S02
55300,,,,,,,,,,5.0,S02
55320,,,,,,,,,,5.0,S02
55340,,,,,,,,,,5.0,S02
55360,,,,,,,,,,5.0,S02
55380,,,,,,,,,,5.0,S02
55400,,,,,,,,,,5.0,S02
55420,,,,,,,,,,5.0,S02
55440,,,,,,,,,,5.0,S02
55460,,,,,,,,,,5.0,S02
55480,,,,,,,,,,5.0,S02
55500,,,,,,,,,,5.0,S02
55520,,,,,,,,,,5.0,S02
55540,,,,,,,,,,5.0,S02
55560,,,,,,,,,,5.0,S02
55580,,,,,,,,,,5.0,S02
55600,,,,,,,,,,5.0,S02
55620,,,,,,,,,,5.0,S02
55640,,,,,,,,,,5.0,S02
55660,,,,,,,,,,5.0,S02
55680,,,,,,,,,,5.0,S02
55700,,,,,,,,,,5.0,S02
55720,,,,,,,,,,5.0,S02
55740,,,,,,,,,,5.0,S02
55760,,,,,,,,,,5.0,S02
55780,,,,,,,,,,5.0,S02
55800,,,,,,,,,,5.0,S02
55820,,,,,,,,,,5.0,S02
55840,,,,,,,,,,5.0,S02
55860,,,,,,,,,,5.0,S02
55880,,,,,,,,,,5.0,S02
55900,,,,,,,,,,5.0,S02
55920,,,,,,,,,,5.0,S02
55940,,,,,,,,,,5.0,S02
55960,,,,,,,,,,5.0,S02
55980,,,,,,,,,,5.0,S02
56000,,,,,,,,,,5.0,S02
56020,,,,,,,,,,5.0,S02
56040,,,,,,,,,,5.0,S02
56060,,,,,,,,,,5.0,S02
56080,,,,,,,,,,5.0,S02
56100,,,,,,,,,,5.0,S02
56120,,,,,,,,,,5.0,S02
56140,,,,,,,,,,5.0,S02
56160,,,,,,,,,,5.0,S02
56180,,,,,,,,,,5.0,S02
56200,,,,,,,,,,5.0,S02
56220,,,,,,,,,,5.0,S02
56240,,,,,,,,,,5.0,S02
56260,,,,,,,,,,5.0,S02
56280,,,,,,,,,,5.0,S02
56300,,,,,,,,,,5.0,S02
56320,,,,,,,,,,5.0,S02
56340,,,,,,,,,,5.0,S02
56360,,,,,,,,,,5.0,S02
56380,,,,,,,,,,5.0,S02
56400,,,,,,,,,,5.0,S02
56420,,,,,,,,,,5.0,S02
56440,,,,,,,,,,5.0,S02
56460,,,,,,,,,,5.0,S02
56480,,,,,,,,,,5.0,S02
56500,,,,,,,,,,5.0,S02
56520,,,,,,,,,,5.0,S02
56540,,,,,,,,,,5.0,S02
56560,,,,,,,,,,5.0,S02
56580,,,,,,,,,,5.0,S02
56600,,,,,,,,,,5.0,S02
56620,,,,,,,,,,5.0,S02
56640,,,,,,,,,,5.0,S02
56660,,,,,,,,,,5.0,S02
56680,,,,,,,,,,5.0,S02
56700,,,,,,,,,,5.0,S02
56720,,,,,,,,,,5.0,S02
56740,,,,,,,,,,5.0,S02
56760,,,,,,,,,,5.0,S02
56780,,,,,,,,,,5.0,S02
56800,,,,,,,,,,5.0,S02
56820,,,,,,,,,,5.0,S02
56840,,,,,,,,,,5.0,S02
56860,,,,,,,,,,5.0,S02
56880,,,,,,,,,,5.0,S02
56900,,,,,,,,,,5.0,S02
56920,,,,,,,,,,5.0,S02
56940,,,,,,,,,,5.0,S02
56960,,,,,,,,,,5.0,S02
56980,,,,,,,,,,5.0,S02
57000,,,,,,,,,,5.0,S02
57020,,,,,,,,,,5.0,S02
57040,,,,,,,,,,5.0,S02
57060,,,,,,,,,,5.0,S02
57080,,,,,,,,,,5.0,S02
57100,,,,,,,,,,5.0,S02
57120,,,,,,,,,,5.0,S02
57140,,,,,,,,,,5.0,S02
57160,,,,,,,,,,5.0,S02
57180,,,,,,,,,,5.0,S02
57200,,,,,,,,,,5.0,S02
57220,,,,,,,,,,5.0,S02
57240,,,,,,,,,,5.0,S02
57260,,,,,,,,,,5.0,S02
57280,,,,,,,,,,5.0,S02
57300,,,,,,,,,,5.0,S02
57320,,,,,,,,,,5.0,S02
57340,,,,,,,,,,5.0,S02
57360,,,,,,,,,,5.0,S02
57380,,,,,,,,,,5.0,S02
57400,,,,,,,,,,5.0,S02
57420,,,,,,,,,,5.0,S02
57440,,,,,,,,,,5.0,S02
57460,,,,,,,,,,5.0,S02
57480,,,,,,,,,,5.0,S02
57500,,,,,,,,,,5.0,S02
57520,,,,,,,,,,5.0,S02
57540,,,,,,,,,,5.0,S02
57560,,,,,,,,,,5.0,S02
57580,,,,,,,,,,5.0,S02
57600,,,,,,,,,,5.0,S02
57620,,,,,,,,,,5.0,S02
57640,,,,,,,,,,5.0,S02
57660,,,,,,,,,,5.0,S02
57680,,,,,,,,,,5.0,S02
57700,,,,,,,,,,5.0,S02
57720,,,,,,,,,,5.0,S02
57740,,,,,,,,,,5.0,S02
57760,,,,,,,,,,5.0,S02
57780,,,,,,,,,,5.0,S02
57800,,,,,,,,,,5.0,S02
57820,,,,,,,,,,5.0,S02
57840,,,,,,,,,,5.0,S02
57860,,,,,,,,,,5.0,S02
57880,,,,,,,,,,5.0,S02
57900,,,,,,,,,,5.0,S02
57920,,,,,,,,,,5.0,S02
57940,,,,,,,,,,5.0,S02
57960,,,,,,,,,,5.0,S02
57980,,,,,,,,,,5.0,S02
58000,,,,,,,,,,5.0,S02
58020,,,,,,,,,,5.0,S02
58040,,,,,,,,,,5.0,S02
58060,,,,,,,,,,5.0,S02
58080,,,,,,,,,,5.0,S02
58100,,,,,,,,,,5.0,S02
58120,,,,,,,,,,5.0,S02
58140,,,,,,,,,,5.0,S02
58160,,,,,,,,,,5.0,S02
58180,,,,,,,,,,5.0,S02
58200,,,,,,,,,,5.0,S02
58220,,,,,,,,,,5.0,S02
58240,,,,,,,,,,5.0,S02
58260,,,,,,,,,,5.0,S02
58280,,,,,,,,,,5.0,S02
58300,,,,,,,,,,5.0,S02
58320,,,,,,,,,,5.0,S02
58340,,,,,,,,,,5.0,S02
58360,,,,,,,,,,5.0,S02
58380,,,,,,,,,,5.0,S02
58400,,,,,,,,,,5.0,S02
58420,,,,,,,,,,5.0,S02
58440,,,,,,,,,,5.0,S02
58460,,,,,,,,,,5.0,S02
58480,,,,,,,,,,5.0,S02
58500,,,,,,,,,,5.0,S02
58520,,,,,,,,,,5.0,S02
58540,,,,,,,,,,5.0,S02
58560,,,,,,,,,,5.0,S02
58580,,,,,,,,,,5.0,S02
58600,,,,,,,,,,5.0,S02
58620,,,,,,,,,,5.0,S02
58640,,,,,,,,,,5.0,S02
58660,,,,,,,,,,5.0,S02
58680,,,,,,,,,,5.0,S02
58700,,,,,,,,,,5.0,S02
58720,,,,,,,,,,5.0,S02
58740,,,,,,,,,,5.0,S02
58760,,,,,,,,,,5.0,S02
58780,,,,,,,,,,5.0,S02
58800,,,,,,,,,,5.0,S02
58820,,,,,,,,,,5.0,S02
58840,,,,,,,,,,5.0,S02
58860,,,,,,,,,,5.0,S02
58880,,,,,,,,,,5.0,S02
58900,,,,,,,,,,5.0,S02
58920,,,,,,,,,,5.0,S02
58940,,,,,,,,,,5.0,S02
58960,,,,,,,,,,5.0,S02
58980,,,,,,,,,,5.0,S02
59000,,,,,,,,,,5.0,S02
59020,,,,,,,,,,5.0,S02
59040,,,,,,,,,,5.0,S02
59060,,,,,,,,,,5.0,S02
59080,,,,,,,,,,5.0,S02
59100,,,,,,,,,,5.0,S02
59120,,,,,,,,,,5.0,S02
59140,,,,,,,,,,5.0,S02
59160,,,,,,,,,,5.0,S02
59180,,,,,,,,,,5.0,S02
59200,,,,,,,,,,5.0,S02
59220,,,,,,,,,,5.0,S02
59240,,,,,,,,,,5.0,S02
59260,,,,,,,,,,5.0,S02
59280,,,,,,,,,,5.0,S02
59300,,,,,,,,,,5.0,S02
59320,,,,,,,,,,5.0,S02
59340,,,,,,,,,,5.0,S02
59360,,,,,,,,,,5.0,S02
59380,,,,,,,,,,5.0,S02
59400,,,,,,,,,,5.0,S02
59420,,,,,,,,,,5.0,S02
59440,,,,,,,,,,5.0,S02
59460,,,,,,,,,,5.0,S02
59480,,,,,,,,,,5.0,S02
59500,,,,,,,,,,5.0,S02
59520,,,,,,,,,,5.0,S02
59540,,,,,,,,,,5.0,S02
59560,,,,,,,,,,5.0,S02
59580,,,,,,,,,,5.0,S02
59600,,,,,,,,,,5.0,S02
59620,,,,,,,,,,5.0,S02
59640,,,,,,,,,,5.0,S02
59660,,,,,,,,,,5.0,S02
59680,,,,,,,,,,5.0,S02
59700,,,,,,,,,,5.0,S02
59720,,,,,,,,,,5.0,S02
59740,,,,,,,,,,5.0,S02
59760,,,,,,,,,,5.0,S02
59780,,,,,,,,,,5.0,S02
59800,,,,,,,,,,5.0,S02
59820,,,,,,,,,,5.0,S02
59840,,,,,,,,,,5.0,S02
59860,,,,,,,,,,5.0,S02
59880,,,,,,,,,,5.0,S02
59900,,,,,,,,,,5.0,S02
59920,,,,,,,,,,5.0,S02
59940,,,,,,,,,,5.0,S02
59960,,,,,,,,,,5.0,S02
59980,,,,,,,,,,5.0,S02
60000,,,,,,,,,,5.0,S02
60020,,,,,,,,,,5.0,S02
60040,,,,,,,,,,5.0,S02
60060,,,,,,,,,,5.0,S02
60080,,,,,,,,,,5.0,S02
60100,,,,,,,,,,5.0,S02
60120,,,,,,,,,,5.0,S02
60140,,,,,,,,,,5.0,S02
60160,,,,,,,,,,5.0,S02
60180,,,,,,,,,,5.0,S02
60200,,,,,,,,,,5.0,S02
60220,,,,,,,,,,5.0,S02
60240,,,,,,,,,,5.0,S02
60260,,,,,,,,,,5.0,S02
60280,,,,,,,,,,5.0,S02
60300,,,,,,,,,,5.0,S02
60320,,,,,,,,,,5.0,S02
60340,,,,,,,,,,5.0,S02
60360,,,,,,,,,,5.0,S02
60380,,,,,,,,,,5.0,S02
60400,,,,,,,,,,5.0,S02
60420,,,,,,,,,,5.0,S02
60440,,,,,,,,,,5.0,S02
60460,,,,,,,,,,5.0,S02
60480,,,,,,,,,,5.0,S02
60500,,,,,,,,,,5.0,S02
60520,,,,,,,,,,5.0,S02
60540,,,,,,,,,,5.0,S02
60560,,,,,,,,,,5.0,S02
60580,,,,,,,,,,5.0,S02
60600,,,,,,,,,,5.0,S02
60620,,,,,,,,,,5.0,S02
60640,,,,,,,,,,5.0,S02
60660,,,,,,,,,,5.0,S02
60680,,,,,,,,,,5.0,S02
60700,,,,,,,,,,5.0,S02
60720,,,,,,,,,,5.0,S02
60740,,,,,,,,,,5.0,S02
60760,,,,,,,,,,5.0,S02
60780,,,,,,,,,,5.0,S02
60800,,,,,,,,,,5.0,S02
60820,,,,,,,,,,5.0,S02
60840,,,,,,,,,,5.0,S02
60860,,,,,,,,,,5.0,S02
60880,,,,,,,,,,5.0,S02
60900,,,,,,,,,,5.0,S02
60920,,,,,,,,,,5.0,S02
60940,,,,,,,,,,5.0,S02
60960,,,,,,,,,,5.0,S02
60980,,,,,,,,,,5.0,S02
61000,,,,,,,,,,5.0,S02
61020,,,,,,,,,,5.0,S02
61040,,,,,,,,,,5.0,S02
61060,,,,,,,,,,5.0,S02
61080,,,,,,,,,,5.0,S02
61100,,,,,,,,,,5.0,S02
61120,,,,,,,,,,5.0,S02
61140,,,,,,,,,,5.0,S02
61160,,,,,,,,,,5.0,S02
61180,,,,,,,,,,5.0,S02
61200,,,,,,,,,,5.0,S02
61220,,,,,,,,,,5.0,S02
61240,,,,,,,,,,5.0,S02
61260,,,,,,,,,,5.0,S02
61280,,,,,,,,,,5.0,S02
61300,,,,,,,,,,5.0,S02
61320,,,,,,,,,,5.0,S02
61340,,,,,,,,,,5.0,S02
61360,,,,,,,,,,5.0,S02
61380,,,,,,,,,,5.0,S02
61400,,,,,,,,,,5.0,S02
61420,,,,,,,,,,5.0,S02
61440,,,,,,,,,,5.0,S02
61460,,,,,,,,,,5.0,S02
61480,,,,,,,,,,5.0,S02
61500,,,,,,,,,,5.0,S02
61520,,,,,,,,,,5.0,S02
61540,,,,,,,,,,5.0,S02
61560,,,,,,,,,,5.0,S02
61580,,,,,,,,,,5.0,S02
61600,,,,,,,,,,5.0,S02
61620,,,,,,,,,,5.0,S02
61640,,,,,,,,,,5.0,S02
61660,,,,,,,,,,5.0,S02
61680,,,,,,,,,,5.0,S02
61700,,,,,,,,,,5.0,S02
61720,,,,,,,,,,5.0,S02
61740,,,,,,,,,,5.0,S02
61760,,,,,,,,,,5.0,S02
61780,,,,,,,,,,5.0,S02
61800,,,,,,,,,,5.0,S02
61820,,,,,,,,,,5.0,S02
61840,,,,,,,,,,5.0,S02
61860,,,,,,,,,,5.0,S02
61880,,,,,,,,,,5.0,S02
61900,,,,,,,,,,5.0,S02
61920,,,,,,,,,,5.0,S02
61940,,,,,,,,,,5.0,S02
61960,,,,,,,,,,5.0,S02
61980,,,,,,,,,,5.0,S02
62000,,,,,,,,,,5.0,S02
62020,,,,,,,,,,5.0,S02
62040,,,,,,,,,,5.0,S02
62060,,,,,,,,,,5.0,S02
62080,,,,,,,,,,5.0,S02
62100,,,,,,,,,,5.0,S02
62120,,,,,,,,,,5.0,S02
62140,,,,,,,,,,5.0,S02
62160,,,,,,,,,,5.0,S02
62180,,,,,,,,,,5.0,S02
62200,,,,,,,,,,5.0,S02
62220,,,,,,,,,,5.0,S02
62240,,,,,,,,,,5.0,S02
62260,,,,,,,,,,5.0,S02
62280,,,,,,,,,,5.0,S02
62300,,,,,,,,,,5.0,S02
62320,,,,,,,,,,5.0,S02
62340,,,,,,,,,,5.0,S02
62360,,,,,,,,,,5.0,S02
62380,,,,,,,,,,5.0,S02
62400,,,,,,,,,,5.0,S02
62420,,,,,,,,,,5.0,S02
62440,,,,,,,,,,5.0,S02
62460,,,,,,,,,,5.0,S02
62480,,,,,,,,,,5.0,S02
62500,,,,,,,,,,5.0,S02
62520,,,,,,,,,,5.0,S02
62540,,,,,,,,,,5.0,S02
62560,,,,,,,,,,5.0,S02
62580,,,,,,,,,,5.0,S02
62600,,,,,,,,,,5.0,S02
62620,,,,,,,,,,5.0,S02
62640,,,,,,,,,,5.0,S02
62660,,,,,,,,,,5.0,S02
62680,,,,,,,,,,5.0,S02
62700,,,,,,,,,,5.0,S02
62720,,,,,,,,,,5.0,S02
62740,,,,,,,,,,5.0,S02
62760,,,,,,,,,,5.0,S02
62780,,,,,,,,,,5.0,S02
62800,,,,,,,,,,5.0,S02
62820,,,,,,,,,,5.0,S02
62840,,,,,,,,,,5.0,S02
62860,,,,,,,,,,5.0,S02
62880,,,,,,,,,,5.0,S02
62900,,,,,,,,,,5.0,S02
62920,,,,,,,,,,5.0,S02
62940,,,,,,,,,,5.0,S02
62960,,,,,,,,,,5.0,S02
62980,,,,,,,,,,5.0,S02
63000,,,,,,,,,,5.0,S02
63020,,,,,,,,,,5.0,S02
63040,,,,,,,,,,5.0,S02
63060,,,,,,,,,,5.0,S02
63080,,,,,,,,,,5.0,S02
63100,,,,,,,,,,5.0,S02
63120,,,,,,,,,,5.0,S02
63140,,,,,,,,,,5.0,S02
63160,,,,,,,,,,5.0,S02
63180,,,,,,,,,,5.0,S02
63200,,,,,,,,,,5.0,S02
63220,,,,,,,,,,5.0,S02
63240,,,,,,,,,,5.0,S02
63260,,,,,,,,,,5.0,S02
63280,,,,,,,,,,5.0,S02
63300,,,,,,,,,,5.0,S02
63320,,,,,,,,,,5.0,S02
63340,,,,,,,,,,5.0,S02
63360,,,,,,,,,,5.0,S02
63380,,,,,,,,,,5.0,S02
63400,,,,,,,,,,5.0,S02
63420,,,,,,,,,,5.0,S02
63440,,,,,,,,,,5.0,S02
63460,,,,,,,,,,5.0,S02
63480,,,,,,,,,,5.0,S02
63500,,,,,,,,,,5.0,S02
63520,,,,,,,,,,5.0,S02
63540,,,,,,,,,,5.0,S02
63560,,,,,,,,,,5.0,S02
63580,,,,,,,,,,5.0,S02
63600,,,,,,,,,,5.0,S02
63620,,,,,,,,,,5.0,S02
63640,,,,,,,,,,5.0,S02
63660,,,,,,,,,,5.0,S02
63680,,,,,,,,,,5.0,S02
63700,,,,,,,,,,5.0,S02
63720,,,,,,,,,,5.0,S02
63740,,,,,,,,,,5.0,S02
63760,,,,,,,,,,5.0,S02
63780,,,,,,,,,,5.0,S02
63800,,,,,,,,,,5.0,S02
63820,,,,,,,,,,5.0,S02
63840,,,,,,,,,,5.0,S02
63860,,,,,,,,,,5.0,S02
63880,,,,,,,,,,5.0,S02
63900,,,,,,,,,,5.0,S02
63920,,,,,,,,,,5.0,S02
63940,,,,,,,,,,5.0,S02
63960,,,,,,,,,,5.0,S02
63980,,,,,,,,,,5.0,S02
64000,,,,,,,,,,5.0,S02
64020,,,,,,,,,,5.0,S02
64040,,,,,,,,,,5.0,S02
64060,,,,,,,,,,5.0,S02
64080,,,,,,,,,,5.0,S02
64100,,,,,,,,,,5.0,S02
64120,,,,,,,,,,5.0,S02
64140,,,,,,,,,,5.0,S02
64160,,,,,,,,,,5.0,S02
64180,,,,,,,,,,5.0,S02
64200,,,,,,,,,,5.0,S02
64220,,,,,,,,,,5.0,S02
64240,,,,,,,,,,5.0,S02
64260,,,,,,,,,,5.0,S02
64280,,,,,,,,,,5.0,S02
64300,,,,,,,,,,5.0,S02
64320,,,,,,,,,,5.0,S02
64340,,,,,,,,,,5.0,S02
64360,,,,,,,,,,5.0,S02
64380,,,,,,,,,,5.0,S02
64400,,,,,,,,,,5.0,S02
64420,,,,,,,,,,5.0,S02
64440,,,,,,,,,,5.0,S02
64460,,,,,,,,,,5.0,S02
64480,,,,,,,,,,5.0,S02
64500,,,,,,,,,,5.0,S02
64520,,,,,,,,,,5.0,S02
64540,,,,,,,,,,5.0,S02
64560,,,,,,,,,,5.0,S02
64580,,,,,,,,,,5.0,S02
64600,,,,,,,,,,5.0,S02
64620,,,,,,,,,,5.0,S02
64640,,,,,,,,,,5.0,S02
64660,,,,,,,,,,5.0,S02
64680,,,,,,,,,,5.0,S02
64700,,,,,,,,,,5.0,S02
64720,,,,,,,,,,5.0,S02
64740,,,,,,,,,,5.0,S02
64760,,,,,,,,,,5.0,S02
64780,,,,,,,,,,5.0,S02
64800,,,,,,,,,,5.0,S02
64820,,,,,,,,,,5.0,S02
64840,,,,,,,,,,5.0,S02
64860,,,,,,,,,,5.0,S02
64880,,,,,,,,,,5.0,S02
64900,,,,,,,,,,5.0,S02
64920,,,,,,,,,,5.0,S02
64940,,,,,,,,,,5.0,S02
64960,,,,,,,,,,5.0,S02
64980,,,,,,,,,,5.0,S02
# DONE 3250 samples in 65.0s,,,,,,,,,,,
